lab_id,lab_type,month,avg_usage_hours_per_day,contamination_level,num_filters_installed,filter_age_avg,service_calls_last_month,compliance_score,filter_failures,stock_available,replacements_next_month
Lab_1,Pharmaceutical,2024-06-01,13.6,0.27,9,5,0,74.7,0,7,5
Lab_1,Pharmaceutical,2024-07-01,11.8,0.15,9,6,0,99.8,1,12,6
Lab_1,Pharmaceutical,2024-08-01,9.2,0.36,4,10,0,99.2,0,13,4
Lab_1,Pharmaceutical,2024-09-01,10.2,0.63,4,5,1,72.0,3,4,17
Lab_1,Pharmaceutical,2024-10-01,6.8,0.32,5,7,2,81.7,0,3,6
Lab_1,Pharmaceutical,2024-11-01,10.6,0.27,8,2,4,72.7,0,8,2
Lab_1,Pharmaceutical,2024-12-01,15.5,0.86,6,2,1,99.0,1,12,15
Lab_1,Pharmaceutical,2025-01-01,12.7,0.79,6,10,0,73.5,1,1,16
Lab_1,Pharmaceutical,2025-02-01,5.1,0.43,7,8,2,86.8,0,14,6
Lab_1,Pharmaceutical,2025-03-01,10.7,0.79,8,11,1,70.8,0,14,10
Lab_1,Pharmaceutical,2025-04-01,14.7,0.53,6,4,1,82.3,1,6,10
Lab_1,Pharmaceutical,2025-05-01,15.2,0.83,2,5,2,96.8,0,9,11
Lab_2,Pharmaceutical,2024-06-01,14.8,0.39,2,1,0,82.8,2,7,10
Lab_2,Pharmaceutical,2024-07-01,12.3,0.34,9,11,0,85.6,1,0,17
Lab_2,Pharmaceutical,2024-08-01,7.0,0.32,8,2,1,99.9,0,1,5
Lab_2,Pharmaceutical,2024-09-01,7.3,0.92,4,2,1,86.6,0,6,10
Lab_2,Pharmaceutical,2024-10-01,13.1,0.31,8,6,0,89.0,1,0,11
Lab_2,Pharmaceutical,2024-11-01,12.3,0.87,5,11,0,91.3,1,6,11
Lab_2,Pharmaceutical,2024-12-01,6.1,0.72,9,7,1,80.2,0,6,12
Lab_2,Pharmaceutical,2025-01-01,6.7,0.26,9,9,1,99.9,1,10,7
Lab_2,Pharmaceutical,2025-02-01,6.3,0.35,4,3,1,96.6,3,13,10
Lab_2,Pharmaceutical,2025-03-01,12.3,0.69,2,4,1,79.8,1,6,10
Lab_2,Pharmaceutical,2025-04-01,12.7,0.38,9,11,0,78.0,0,5,8
Lab_2,Pharmaceutical,2025-05-01,14.9,0.49,6,1,1,75.9,1,2,13
Lab_3,Research,2024-06-01,4.5,1.0,7,5,3,86.6,0,11,8
Lab_3,Research,2024-07-01,8.6,0.87,9,3,0,86.7,2,7,16
Lab_3,Research,2024-08-01,6.5,0.7,8,2,0,78.9,0,7,10
Lab_3,Research,2024-09-01,8.3,0.36,8,10,3,85.0,1,13,9
Lab_3,Research,2024-10-01,13.5,0.9,8,2,0,87.3,0,8,12
Lab_3,Research,2024-11-01,7.0,0.13,8,6,1,94.8,0,11,3
Lab_3,Research,2024-12-01,11.5,0.18,6,4,1,74.2,0,1,3
Lab_3,Research,2025-01-01,13.5,0.34,5,10,0,70.8,2,4,13
Lab_3,Research,2025-02-01,4.7,0.92,8,2,0,72.8,0,12,9
Lab_3,Research,2025-03-01,11.3,0.48,5,10,0,92.7,0,13,10
Lab_3,Research,2025-04-01,5.1,0.18,7,4,0,70.5,2,13,2
Lab_3,Research,2025-05-01,11.4,0.67,3,4,1,85.1,1,3,10
Lab_4,Pharmaceutical,2024-06-01,15.3,0.88,9,11,2,73.9,2,0,19
Lab_4,Pharmaceutical,2024-07-01,4.9,0.39,3,10,0,94.4,0,3,4
Lab_4,Pharmaceutical,2024-08-01,12.3,0.41,4,8,2,75.3,1,0,10
Lab_4,Pharmaceutical,2024-09-01,7.0,0.62,8,5,0,90.4,1,13,9
Lab_4,Pharmaceutical,2024-10-01,14.8,0.55,9,9,0,96.9,0,11,10
Lab_4,Pharmaceutical,2024-11-01,12.1,0.53,3,5,0,88.1,0,4,9
Lab_4,Pharmaceutical,2024-12-01,13.0,0.81,2,7,0,84.8,0,14,14
Lab_4,Pharmaceutical,2025-01-01,15.6,0.72,3,1,0,72.5,1,1,16
Lab_4,Pharmaceutical,2025-02-01,14.7,0.23,6,5,0,87.4,2,6,10
Lab_4,Pharmaceutical,2025-03-01,13.3,0.6,4,10,1,84.8,0,11,8
Lab_4,Pharmaceutical,2025-04-01,10.9,0.77,9,9,2,82.0,0,8,9
Lab_4,Pharmaceutical,2025-05-01,15.6,0.11,9,5,0,97.7,1,2,11
Lab_5,Research,2024-06-01,10.3,0.67,7,1,1,97.0,0,11,7
Lab_5,Research,2024-07-01,8.0,0.25,5,10,1,78.0,0,3,5
Lab_5,Research,2024-08-01,15.8,0.73,2,9,0,94.4,1,13,16
Lab_5,Research,2024-09-01,15.0,0.17,7,2,1,82.3,1,14,4
Lab_5,Research,2024-10-01,5.8,0.63,8,9,3,82.4,0,6,8
Lab_5,Research,2024-11-01,16.0,1.0,6,7,3,83.5,0,2,16
Lab_5,Research,2024-12-01,7.3,0.29,2,1,1,78.1,0,9,8
Lab_5,Research,2025-01-01,10.2,0.87,7,5,0,93.8,0,14,9
Lab_5,Research,2025-02-01,4.3,0.78,6,2,4,89.1,0,2,8
Lab_5,Research,2025-03-01,10.2,0.81,5,7,1,93.9,0,0,13
Lab_5,Research,2025-04-01,9.9,0.33,9,5,2,89.0,0,2,3
Lab_5,Research,2025-05-01,11.0,0.46,9,8,0,90.9,0,2,13
Lab_6,Pharmaceutical,2024-06-01,12.0,0.26,3,3,0,75.1,0,12,6
Lab_6,Pharmaceutical,2024-07-01,10.4,0.42,7,2,0,79.9,0,9,6
Lab_6,Pharmaceutical,2024-08-01,13.6,0.67,8,8,2,78.3,1,12,11
Lab_6,Pharmaceutical,2024-09-01,15.1,0.31,5,7,2,74.4,0,2,10
Lab_6,Pharmaceutical,2024-10-01,14.7,0.56,8,2,1,77.3,0,4,11
Lab_6,Pharmaceutical,2024-11-01,14.1,0.18,7,9,2,93.7,0,14,3
Lab_6,Pharmaceutical,2024-12-01,11.0,0.76,8,8,1,81.4,0,3,13
Lab_6,Pharmaceutical,2025-01-01,8.3,0.99,6,9,0,73.1,0,6,15
Lab_6,Pharmaceutical,2025-02-01,9.9,0.87,7,8,1,85.7,0,3,13
Lab_6,Pharmaceutical,2025-03-01,4.1,0.98,7,8,3,84.3,1,9,11
Lab_6,Pharmaceutical,2025-04-01,7.9,0.48,2,4,0,73.4,1,4,11
Lab_6,Pharmaceutical,2025-05-01,7.8,0.63,7,2,1,86.5,0,7,8
Lab_7,Industrial,2024-06-01,5.1,0.22,2,1,0,84.2,0,2,6
Lab_7,Industrial,2024-07-01,14.0,0.97,7,5,2,72.0,1,12,14
Lab_7,Industrial,2024-08-01,5.7,0.82,7,3,0,94.4,1,3,13
Lab_7,Industrial,2024-09-01,12.2,0.51,9,3,1,83.2,0,0,7
Lab_7,Industrial,2024-10-01,14.8,0.45,7,5,2,98.2,1,3,13
Lab_7,Industrial,2024-11-01,10.4,0.9,5,6,3,76.1,1,9,15
Lab_7,Industrial,2024-12-01,8.1,0.84,8,4,1,85.1,0,12,10
Lab_7,Industrial,2025-01-01,12.6,0.68,4,4,1,80.4,0,9,8
Lab_7,Industrial,2025-02-01,8.1,0.3,8,10,1,87.6,0,8,7
Lab_7,Industrial,2025-03-01,11.1,0.19,9,4,1,89.5,1,8,5
Lab_7,Industrial,2025-04-01,9.1,0.76,9,9,2,99.5,1,8,9
Lab_7,Industrial,2025-05-01,6.7,0.65,8,9,1,93.6,0,2,6
Lab_8,Pharmaceutical,2024-06-01,9.0,0.88,7,2,1,97.6,0,10,7
Lab_8,Pharmaceutical,2024-07-01,6.1,0.55,7,5,1,87.4,1,4,9
Lab_8,Pharmaceutical,2024-08-01,10.2,0.98,2,1,2,75.5,0,12,8
Lab_8,Pharmaceutical,2024-09-01,13.6,0.41,7,1,0,84.2,0,1,6
Lab_8,Pharmaceutical,2024-10-01,7.5,0.74,3,2,1,84.9,1,7,8
Lab_8,Pharmaceutical,2024-11-01,11.7,0.47,8,7,0,91.5,1,6,9
Lab_8,Pharmaceutical,2024-12-01,7.0,0.28,8,8,0,94.0,0,0,9
Lab_8,Pharmaceutical,2025-01-01,13.7,0.99,9,8,3,82.2,0,1,15
Lab_8,Pharmaceutical,2025-02-01,4.2,0.18,8,5,0,75.4,0,11,3
Lab_8,Pharmaceutical,2025-03-01,11.5,0.4,8,2,0,71.0,1,13,9
Lab_8,Pharmaceutical,2025-04-01,8.4,0.87,4,4,2,87.0,1,0,18
Lab_8,Pharmaceutical,2025-05-01,12.9,0.73,2,7,0,89.4,0,9,5
Lab_9,Industrial,2024-06-01,14.8,0.72,6,11,2,84.9,0,4,14
Lab_9,Industrial,2024-07-01,6.5,0.11,6,11,3,90.0,0,12,3
Lab_9,Industrial,2024-08-01,14.1,0.46,7,10,1,98.8,0,4,7
Lab_9,Industrial,2024-09-01,8.7,0.36,9,4,1,87.0,0,14,6
Lab_9,Industrial,2024-10-01,15.4,0.22,9,1,0,86.2,0,3,8
Lab_9,Industrial,2024-11-01,11.2,0.4,3,2,0,72.3,1,10,7
Lab_9,Industrial,2024-12-01,11.2,0.51,4,3,0,70.1,1,11,8
Lab_9,Industrial,2025-01-01,15.0,0.22,3,9,1,86.3,2,6,11
Lab_9,Industrial,2025-02-01,12.7,0.67,9,9,3,90.1,0,6,6
Lab_9,Industrial,2025-03-01,5.4,0.76,4,8,4,79.6,1,14,8
Lab_9,Industrial,2025-04-01,8.4,0.6,6,2,2,82.1,0,7,11
Lab_9,Industrial,2025-05-01,7.8,0.66,9,10,1,83.9,1,12,9
Lab_10,Research,2024-06-01,8.6,0.94,4,7,0,71.6,0,13,14
Lab_10,Research,2024-07-01,14.5,0.99,3,9,0,85.7,1,12,14
Lab_10,Research,2024-08-01,8.3,0.36,5,2,0,71.3,0,13,3
Lab_10,Research,2024-09-01,15.5,0.82,6,11,3,97.1,2,7,16
Lab_10,Research,2024-10-01,15.3,0.68,6,3,1,75.3,0,0,14
Lab_10,Research,2024-11-01,6.6,0.57,5,10,1,85.5,0,0,11
Lab_10,Research,2024-12-01,5.8,0.83,7,8,1,96.8,1,7,9
Lab_10,Research,2025-01-01,14.7,0.96,5,10,2,72.6,0,14,11
Lab_10,Research,2025-02-01,4.1,0.73,9,10,2,96.8,1,12,13
Lab_10,Research,2025-03-01,13.9,0.41,3,8,1,96.4,1,0,11
Lab_10,Research,2025-04-01,5.9,0.24,6,11,0,97.9,0,10,2
Lab_10,Research,2025-05-01,14.6,0.88,4,7,0,94.6,0,6,14
Lab_11,Pharmaceutical,2024-06-01,4.0,0.6,6,7,0,72.5,0,8,3
Lab_11,Pharmaceutical,2024-07-01,11.6,0.59,4,6,0,70.6,0,1,12
Lab_11,Pharmaceutical,2024-08-01,8.1,0.67,7,5,0,98.1,1,10,11
Lab_11,Pharmaceutical,2024-09-01,12.5,0.53,7,10,0,95.6,2,10,11
Lab_11,Pharmaceutical,2024-10-01,5.6,0.78,8,11,1,94.6,0,6,5
Lab_11,Pharmaceutical,2024-11-01,16.0,0.48,6,9,0,93.8,1,1,12
Lab_11,Pharmaceutical,2024-12-01,13.3,0.31,4,11,2,91.9,3,4,14
Lab_11,Pharmaceutical,2025-01-01,14.7,0.31,6,3,0,89.6,0,14,7
Lab_11,Pharmaceutical,2025-02-01,9.7,0.59,5,9,4,88.8,0,4,8
Lab_11,Pharmaceutical,2025-03-01,4.0,0.64,7,4,1,84.7,0,5,4
Lab_11,Pharmaceutical,2025-04-01,7.9,0.63,9,11,1,83.9,1,14,5
Lab_11,Pharmaceutical,2025-05-01,12.3,0.87,7,9,0,84.4,0,0,14
Lab_12,Research,2024-06-01,10.9,0.12,7,6,0,80.4,2,0,10
Lab_12,Research,2024-07-01,4.4,0.17,7,7,0,87.0,1,1,5
Lab_12,Research,2024-08-01,4.5,0.7,9,11,0,96.9,0,8,7
Lab_12,Research,2024-09-01,12.5,0.88,3,4,0,94.4,0,3,11
Lab_12,Research,2024-10-01,10.6,0.64,7,10,1,74.9,0,1,8
Lab_12,Research,2024-11-01,13.5,0.69,4,2,0,89.6,0,7,9
Lab_12,Research,2024-12-01,15.7,0.69,3,3,1,70.9,0,11,13
Lab_12,Research,2025-01-01,11.5,0.76,7,4,1,85.4,0,9,9
Lab_12,Research,2025-02-01,12.7,0.54,3,2,3,80.8,0,1,13
Lab_12,Research,2025-03-01,5.6,0.74,9,7,1,85.4,0,5,10
Lab_12,Research,2025-04-01,9.9,0.32,5,8,2,89.6,0,11,7
Lab_12,Research,2025-05-01,7.9,0.8,9,4,2,72.2,0,9,6
Lab_13,Research,2024-06-01,8.0,0.85,2,5,0,88.5,1,3,15
Lab_13,Research,2024-07-01,8.3,0.58,2,1,1,95.9,0,10,4
Lab_13,Research,2024-08-01,5.3,0.34,3,9,2,73.7,0,4,8
Lab_13,Research,2024-09-01,8.8,0.53,4,11,0,79.7,1,7,11
Lab_13,Research,2024-10-01,10.2,0.54,5,6,0,70.9,0,1,10
Lab_13,Research,2024-11-01,15.6,0.18,9,6,1,90.8,2,1,10
Lab_13,Research,2024-12-01,6.9,0.85,8,8,1,93.9,1,14,8
Lab_13,Research,2025-01-01,11.8,0.2,5,2,1,99.3,0,12,8
Lab_13,Research,2025-02-01,13.4,0.61,2,11,1,79.8,1,1,12
Lab_13,Research,2025-03-01,14.4,0.44,7,6,1,88.9,1,2,13
Lab_13,Research,2025-04-01,8.7,0.5,2,1,1,87.6,0,13,5
Lab_13,Research,2025-05-01,8.6,0.88,9,2,1,80.2,0,1,16
Lab_14,Research,2024-06-01,7.0,0.53,4,7,3,75.9,0,14,3
Lab_14,Research,2024-07-01,6.4,0.53,4,2,0,88.5,0,13,8
Lab_14,Research,2024-08-01,7.7,0.82,4,8,0,88.3,1,3,12
Lab_14,Research,2024-09-01,5.5,0.87,8,7,0,93.8,0,7,11
Lab_14,Research,2024-10-01,15.6,0.54,8,6,1,89.0,1,5,18
Lab_14,Research,2024-11-01,13.5,0.68,9,10,0,97.2,1,10,13
Lab_14,Research,2024-12-01,13.4,0.35,4,4,1,72.9,1,1,10
Lab_14,Research,2025-01-01,14.4,0.53,6,1,0,79.4,0,6,9
Lab_14,Research,2025-02-01,10.6,0.31,7,9,2,90.9,0,5,10
Lab_14,Research,2025-03-01,4.2,0.41,7,3,1,97.2,1,4,6
Lab_14,Research,2025-04-01,14.7,0.27,9,1,0,80.6,0,0,10
Lab_14,Research,2025-05-01,4.8,0.68,9,6,2,83.7,0,1,10
Lab_15,Pharmaceutical,2024-06-01,8.5,0.43,4,2,1,87.4,0,4,8
Lab_15,Pharmaceutical,2024-07-01,6.4,0.58,7,9,1,79.0,1,13,6
Lab_15,Pharmaceutical,2024-08-01,6.8,0.46,9,6,4,88.7,0,6,7
Lab_15,Pharmaceutical,2024-09-01,10.1,0.24,6,4,0,77.9,0,4,8
Lab_15,Pharmaceutical,2024-10-01,8.2,0.32,2,11,1,98.3,1,5,8
Lab_15,Pharmaceutical,2024-11-01,14.2,0.29,8,1,0,94.5,0,7,8
Lab_15,Pharmaceutical,2024-12-01,10.4,0.75,4,7,0,72.4,0,1,10
Lab_15,Pharmaceutical,2025-01-01,15.5,0.62,3,9,1,79.4,0,0,11
Lab_15,Pharmaceutical,2025-02-01,11.3,0.79,6,4,1,74.4,0,7,12
Lab_15,Pharmaceutical,2025-03-01,6.8,0.17,5,4,1,89.2,0,13,0
Lab_15,Pharmaceutical,2025-04-01,11.2,0.43,8,3,1,76.4,0,1,9
Lab_15,Pharmaceutical,2025-05-01,15.8,0.32,4,5,0,79.1,0,11,7
Lab_16,Research,2024-06-01,10.1,1.0,2,5,1,88.7,0,6,14
Lab_16,Research,2024-07-01,8.9,0.69,4,7,1,75.3,0,4,11
Lab_16,Research,2024-08-01,4.1,0.47,4,5,0,77.8,1,6,4
Lab_16,Research,2024-09-01,14.0,0.67,6,2,0,71.3,0,0,14
Lab_16,Research,2024-10-01,10.6,0.51,5,7,0,73.8,1,1,7
Lab_16,Research,2024-11-01,8.7,0.51,6,10,3,90.6,0,12,5
Lab_16,Research,2024-12-01,7.4,0.94,9,8,1,89.8,1,14,10
Lab_16,Research,2025-01-01,14.6,0.2,5,1,1,71.1,1,2,12
Lab_16,Research,2025-02-01,4.9,0.11,6,4,1,78.9,0,14,0
Lab_16,Research,2025-03-01,10.6,0.85,9,10,0,72.5,1,7,9
Lab_16,Research,2025-04-01,11.5,0.44,3,3,0,88.5,1,9,11
Lab_16,Research,2025-05-01,7.9,0.21,4,8,0,84.6,1,11,6
Lab_17,Industrial,2024-06-01,5.5,0.4,9,2,0,81.2,0,11,2
Lab_17,Industrial,2024-07-01,7.3,0.94,5,3,2,94.5,3,12,14
Lab_17,Industrial,2024-08-01,6.7,0.98,7,8,1,71.6,0,5,11
Lab_17,Industrial,2024-09-01,13.8,0.29,4,7,2,87.7,0,14,5
Lab_17,Industrial,2024-10-01,5.3,0.24,7,7,2,74.8,0,7,5
Lab_17,Industrial,2024-11-01,15.9,0.19,9,10,1,92.3,1,1,9
Lab_17,Industrial,2024-12-01,8.3,0.81,5,4,0,92.8,0,0,12
Lab_17,Industrial,2025-01-01,13.1,0.86,7,8,1,81.6,1,5,16
Lab_17,Industrial,2025-02-01,11.1,0.45,6,6,1,88.6,0,8,5
Lab_17,Industrial,2025-03-01,14.5,0.56,4,8,0,76.8,1,7,9
Lab_17,Industrial,2025-04-01,12.1,0.82,8,3,1,71.8,0,13,10
Lab_17,Industrial,2025-05-01,8.5,0.21,2,7,0,81.1,0,11,6
Lab_18,Pharmaceutical,2024-06-01,13.2,0.76,7,1,1,93.6,0,5,12
Lab_18,Pharmaceutical,2024-07-01,15.8,0.25,4,1,1,90.9,2,2,10
Lab_18,Pharmaceutical,2024-08-01,9.2,0.89,6,5,1,98.1,1,13,11
Lab_18,Pharmaceutical,2024-09-01,9.2,0.76,7,9,0,88.3,0,14,12
Lab_18,Pharmaceutical,2024-10-01,15.1,0.52,6,8,0,78.5,0,2,13
Lab_18,Pharmaceutical,2024-11-01,15.7,0.43,8,10,1,74.7,1,1,11
Lab_18,Pharmaceutical,2024-12-01,14.9,0.23,5,2,1,97.0,0,7,5
Lab_18,Pharmaceutical,2025-01-01,14.6,0.45,3,8,0,91.9,1,2,12
Lab_18,Pharmaceutical,2025-02-01,12.7,0.27,2,3,0,98.4,1,0,9
Lab_18,Pharmaceutical,2025-03-01,7.0,0.87,8,1,1,95.8,1,5,11
Lab_18,Pharmaceutical,2025-04-01,10.6,0.65,7,6,1,74.2,1,9,6
Lab_18,Pharmaceutical,2025-05-01,11.8,0.59,9,8,0,80.7,2,6,11
Lab_19,Research,2024-06-01,6.0,0.4,7,4,1,96.3,2,8,12
Lab_19,Research,2024-07-01,10.7,0.6,9,3,2,73.2,1,1,13
Lab_19,Research,2024-08-01,5.1,0.5,4,8,0,72.8,0,8,9
Lab_19,Research,2024-09-01,13.6,0.46,9,8,1,86.7,0,2,12
Lab_19,Research,2024-10-01,8.4,0.91,4,8,1,71.0,0,11,8
Lab_19,Research,2024-11-01,13.6,0.97,4,9,3,99.5,1,3,17
Lab_19,Research,2024-12-01,16.0,0.98,4,7,0,90.6,0,3,16
Lab_19,Research,2025-01-01,5.0,0.76,6,9,2,79.4,0,14,7
Lab_19,Research,2025-02-01,11.8,0.38,9,2,3,73.4,0,0,8
Lab_19,Research,2025-03-01,8.2,0.51,3,11,2,95.2,0,14,5
Lab_19,Research,2025-04-01,7.0,0.13,6,2,0,90.6,0,6,5
Lab_19,Research,2025-05-01,15.9,0.17,9,3,1,79.2,0,2,6
Lab_20,Research,2024-06-01,7.6,0.69,7,4,3,77.8,2,10,8
Lab_20,Research,2024-07-01,6.7,0.44,7,3,1,84.4,0,7,3
Lab_20,Research,2024-08-01,12.9,0.93,8,6,1,97.3,2,6,18
Lab_20,Research,2024-09-01,11.5,0.58,4,4,0,91.1,0,7,13
Lab_20,Research,2024-10-01,7.2,0.14,2,8,0,94.7,0,8,6
Lab_20,Research,2024-11-01,4.6,0.91,9,2,2,75.6,0,12,6
Lab_20,Research,2024-12-01,14.1,0.36,5,3,0,93.7,0,4,7
Lab_20,Research,2025-01-01,5.1,0.92,5,3,3,82.9,0,11,9
Lab_20,Research,2025-02-01,9.6,0.22,4,10,0,75.1,1,8,5
Lab_20,Research,2025-03-01,10.1,0.19,7,3,3,85.2,1,8,9
Lab_20,Research,2025-04-01,4.0,0.14,7,10,1,84.1,0,12,0
Lab_20,Research,2025-05-01,11.3,0.35,9,1,1,70.2,0,10,6
Lab_21,Research,2024-06-01,8.1,0.82,2,10,0,98.0,0,4,12
Lab_21,Research,2024-07-01,10.4,0.89,8,9,0,90.3,0,10,9
Lab_21,Research,2024-08-01,5.6,0.35,2,8,1,97.2,1,0,7
Lab_21,Research,2024-09-01,7.1,0.15,8,4,1,81.5,0,1,5
Lab_21,Research,2024-10-01,5.1,0.64,9,4,1,79.6,1,12,6
Lab_21,Research,2024-11-01,11.1,0.11,3,3,3,73.6,1,13,9
Lab_21,Research,2024-12-01,5.7,0.11,7,3,1,82.0,2,8,8
Lab_21,Research,2025-01-01,14.1,0.72,3,4,1,79.2,1,1,17
Lab_21,Research,2025-02-01,8.6,0.51,5,9,1,87.5,0,8,7
Lab_21,Research,2025-03-01,10.3,0.56,5,5,1,92.9,1,9,9
Lab_21,Research,2025-04-01,11.7,0.67,4,11,1,90.3,0,1,11
Lab_21,Research,2025-05-01,10.7,0.19,2,2,1,85.2,1,10,9
Lab_22,Industrial,2024-06-01,4.4,0.45,3,3,0,92.7,0,13,4
Lab_22,Industrial,2024-07-01,8.4,0.44,4,7,2,72.6,1,0,10
Lab_22,Industrial,2024-08-01,8.6,0.41,5,5,0,86.6,0,5,8
Lab_22,Industrial,2024-09-01,8.3,0.84,6,3,0,85.2,1,10,10
Lab_22,Industrial,2024-10-01,10.7,0.41,5,8,1,94.5,0,12,8
Lab_22,Industrial,2024-11-01,11.4,0.28,6,8,0,84.3,0,2,11
Lab_22,Industrial,2024-12-01,5.6,0.63,3,11,0,83.8,0,5,7
Lab_22,Industrial,2025-01-01,13.5,0.35,7,10,1,83.9,1,5,11
Lab_22,Industrial,2025-02-01,11.1,0.44,7,11,0,92.9,0,10,7
Lab_22,Industrial,2025-03-01,12.7,0.91,4,2,1,87.7,1,14,14
Lab_22,Industrial,2025-04-01,5.3,0.87,2,1,2,96.5,0,12,9
Lab_22,Industrial,2025-05-01,15.2,0.13,4,6,1,89.3,1,2,11
Lab_23,Industrial,2024-06-01,15.5,0.11,4,2,2,70.4,2,4,12
Lab_23,Industrial,2024-07-01,14.6,0.73,8,8,1,78.4,1,10,14
Lab_23,Industrial,2024-08-01,8.2,0.2,5,2,0,73.0,1,0,11
Lab_23,Industrial,2024-09-01,12.5,0.15,3,10,1,77.0,0,7,6
Lab_23,Industrial,2024-10-01,7.5,0.24,8,11,0,87.5,1,13,5
Lab_23,Industrial,2024-11-01,8.3,0.68,7,1,2,94.6,0,3,10
Lab_23,Industrial,2024-12-01,12.2,0.32,5,4,0,78.7,0,3,9
Lab_23,Industrial,2025-01-01,7.3,0.55,7,2,0,88.9,0,11,5
Lab_23,Industrial,2025-02-01,8.8,0.19,2,10,2,96.9,0,7,3
Lab_23,Industrial,2025-03-01,5.2,0.42,4,9,1,93.7,1,0,11
Lab_23,Industrial,2025-04-01,8.5,0.94,4,5,0,71.3,0,11,13
Lab_23,Industrial,2025-05-01,4.1,0.25,6,11,4,78.9,0,2,6
Lab_24,Pharmaceutical,2024-06-01,11.7,0.14,6,6,2,83.7,0,13,4
Lab_24,Pharmaceutical,2024-07-01,10.6,0.47,3,9,1,96.4,0,12,7
Lab_24,Pharmaceutical,2024-08-01,13.0,0.13,2,8,1,92.1,1,11,5
Lab_24,Pharmaceutical,2024-09-01,14.7,0.36,4,9,2,73.0,1,5,12
Lab_24,Pharmaceutical,2024-10-01,8.0,0.12,5,10,0,92.1,0,11,3
Lab_24,Pharmaceutical,2024-11-01,9.6,0.97,5,10,1,93.2,1,9,13
Lab_24,Pharmaceutical,2024-12-01,14.3,0.62,3,11,1,75.5,0,4,13
Lab_24,Pharmaceutical,2025-01-01,6.7,0.68,5,11,1,96.4,1,7,8
Lab_24,Pharmaceutical,2025-02-01,13.4,0.8,9,6,0,97.0,2,12,14
Lab_24,Pharmaceutical,2025-03-01,4.7,0.96,2,7,4,81.0,0,11,12
Lab_24,Pharmaceutical,2025-04-01,11.4,0.91,2,10,0,78.3,1,3,17
Lab_24,Pharmaceutical,2025-05-01,7.1,0.41,5,6,0,84.1,2,0,9
Lab_25,Industrial,2024-06-01,4.1,0.67,4,8,0,98.7,0,14,6
Lab_25,Industrial,2024-07-01,15.5,0.66,7,6,2,83.8,0,5,11
Lab_25,Industrial,2024-08-01,9.3,0.29,4,1,0,99.8,0,14,4
Lab_25,Industrial,2024-09-01,7.1,0.49,4,7,0,88.7,1,2,10
Lab_25,Industrial,2024-10-01,12.8,0.42,2,11,2,81.8,2,13,14
Lab_25,Industrial,2024-11-01,6.0,0.61,7,6,3,86.6,1,9,11
Lab_25,Industrial,2024-12-01,7.9,0.86,9,11,0,77.4,0,11,7
Lab_25,Industrial,2025-01-01,7.5,0.46,4,2,1,92.8,0,3,8
Lab_25,Industrial,2025-02-01,5.1,0.13,4,1,1,88.7,1,4,8
Lab_25,Industrial,2025-03-01,6.9,0.27,6,4,0,85.2,0,8,2
Lab_25,Industrial,2025-04-01,6.7,0.96,7,2,1,82.9,1,4,16
Lab_25,Industrial,2025-05-01,7.4,0.42,8,7,2,93.4,0,14,5
Lab_26,Industrial,2024-06-01,6.5,0.63,2,3,1,89.1,0,9,7
Lab_26,Industrial,2024-07-01,8.9,0.83,9,4,2,74.5,1,7,13
Lab_26,Industrial,2024-08-01,7.5,0.94,8,5,1,82.5,0,4,9
Lab_26,Industrial,2024-09-01,6.4,0.11,5,3,1,75.7,0,2,5
Lab_26,Industrial,2024-10-01,12.0,0.77,6,7,3,78.1,0,10,11
Lab_26,Industrial,2024-11-01,10.5,0.23,9,11,1,70.6,0,13,3
Lab_26,Industrial,2024-12-01,11.0,0.96,3,6,0,88.0,0,8,12
Lab_26,Industrial,2025-01-01,13.4,0.74,4,4,2,75.4,0,5,9
Lab_26,Industrial,2025-02-01,15.1,0.73,8,9,0,94.2,0,12,12
Lab_26,Industrial,2025-03-01,5.9,0.21,2,7,1,84.5,0,3,2
Lab_26,Industrial,2025-04-01,8.6,0.12,5,3,0,91.1,1,3,7
Lab_26,Industrial,2025-05-01,12.5,0.58,9,3,1,84.5,0,13,14
Lab_27,Pharmaceutical,2024-06-01,15.4,0.3,4,10,2,79.5,1,7,12
Lab_27,Pharmaceutical,2024-07-01,10.9,0.85,4,3,0,90.2,0,0,9
Lab_27,Pharmaceutical,2024-08-01,4.2,0.45,6,11,2,96.3,0,7,3
Lab_27,Pharmaceutical,2024-09-01,9.2,0.72,6,11,0,81.2,1,5,13
Lab_27,Pharmaceutical,2024-10-01,12.8,0.2,8,3,3,98.2,1,13,4
Lab_27,Pharmaceutical,2024-11-01,15.6,0.2,7,9,2,80.4,0,10,7
Lab_27,Pharmaceutical,2024-12-01,11.3,0.57,4,2,0,89.7,1,6,11
Lab_27,Pharmaceutical,2025-01-01,12.3,0.51,4,2,0,70.5,1,9,9
Lab_27,Pharmaceutical,2025-02-01,9.4,0.7,7,9,1,70.1,0,2,10
Lab_27,Pharmaceutical,2025-03-01,11.1,0.73,2,1,0,87.5,0,3,11
Lab_27,Pharmaceutical,2025-04-01,15.3,0.3,2,10,1,89.9,0,10,6
Lab_27,Pharmaceutical,2025-05-01,13.0,0.92,5,4,1,70.3,0,0,13
Lab_28,Pharmaceutical,2024-06-01,11.7,0.32,5,8,2,97.3,0,0,7
Lab_28,Pharmaceutical,2024-07-01,7.0,0.16,6,2,2,72.4,3,10,7
Lab_28,Pharmaceutical,2024-08-01,7.4,0.81,4,10,1,99.6,0,13,9
Lab_28,Pharmaceutical,2024-09-01,11.0,0.58,2,1,3,88.9,0,11,7
Lab_28,Pharmaceutical,2024-10-01,14.0,0.55,3,11,1,94.7,0,10,6
Lab_28,Pharmaceutical,2024-11-01,11.1,0.47,4,6,0,76.3,0,2,10
Lab_28,Pharmaceutical,2024-12-01,8.9,0.69,2,6,0,74.8,0,9,10
Lab_28,Pharmaceutical,2025-01-01,9.4,0.83,2,4,2,77.6,1,7,13
Lab_28,Pharmaceutical,2025-02-01,13.5,0.38,9,7,1,80.6,0,6,7
Lab_28,Pharmaceutical,2025-03-01,14.8,0.17,6,3,0,85.6,2,2,10
Lab_28,Pharmaceutical,2025-04-01,9.0,0.11,2,5,1,81.5,0,12,5
Lab_28,Pharmaceutical,2025-05-01,10.2,0.25,2,1,1,96.4,0,14,6
Lab_29,Pharmaceutical,2024-06-01,6.7,0.57,5,11,0,71.7,0,2,10
Lab_29,Pharmaceutical,2024-07-01,10.9,0.99,2,1,1,90.9,1,1,14
Lab_29,Pharmaceutical,2024-08-01,7.9,0.59,2,2,0,98.4,1,12,7
Lab_29,Pharmaceutical,2024-09-01,12.3,0.29,6,10,1,85.2,0,0,7
Lab_29,Pharmaceutical,2024-10-01,11.3,0.87,4,3,1,90.7,0,8,13
Lab_29,Pharmaceutical,2024-11-01,13.0,0.52,7,9,1,93.7,0,2,12
Lab_29,Pharmaceutical,2024-12-01,13.8,0.46,8,3,0,82.3,1,1,14
Lab_29,Pharmaceutical,2025-01-01,15.6,0.16,2,1,0,81.3,1,12,4
Lab_29,Pharmaceutical,2025-02-01,10.7,0.39,4,3,0,81.2,0,13,3
Lab_29,Pharmaceutical,2025-03-01,4.5,0.41,9,11,1,95.3,0,14,0
Lab_29,Pharmaceutical,2025-04-01,13.7,0.8,8,9,1,86.4,0,13,10
Lab_29,Pharmaceutical,2025-05-01,5.7,0.7,9,11,0,75.8,2,6,15
Lab_30,Pharmaceutical,2024-06-01,11.2,0.69,5,10,1,74.7,0,12,7
Lab_30,Pharmaceutical,2024-07-01,11.1,0.27,6,11,4,87.5,0,2,10
Lab_30,Pharmaceutical,2024-08-01,13.9,0.69,9,1,0,90.8,0,5,9
Lab_30,Pharmaceutical,2024-09-01,10.3,0.84,6,10,0,89.6,1,4,15
Lab_30,Pharmaceutical,2024-10-01,13.8,0.8,8,7,0,72.7,1,11,12
Lab_30,Pharmaceutical,2024-11-01,7.2,0.47,9,3,3,82.9,0,7,3
Lab_30,Pharmaceutical,2024-12-01,7.9,0.91,9,6,0,92.4,1,5,15
Lab_30,Pharmaceutical,2025-01-01,13.7,0.87,6,11,0,71.2,0,0,12
Lab_30,Pharmaceutical,2025-02-01,15.5,0.9,6,3,1,72.4,0,5,16
Lab_30,Pharmaceutical,2025-03-01,4.5,0.85,4,10,1,95.9,0,8,9
Lab_30,Pharmaceutical,2025-04-01,4.8,0.67,4,11,1,87.4,0,6,8
Lab_30,Pharmaceutical,2025-05-01,6.5,1.0,5,2,3,71.6,0,1,7
Lab_31,Pharmaceutical,2024-06-01,12.1,0.44,8,11,0,85.0,1,8,10
Lab_31,Pharmaceutical,2024-07-01,13.0,0.83,2,8,1,90.0,1,3,13
Lab_31,Pharmaceutical,2024-08-01,12.2,0.12,4,11,1,90.6,1,9,5
Lab_31,Pharmaceutical,2024-09-01,10.9,0.35,5,6,1,80.6,0,7,6
Lab_31,Pharmaceutical,2024-10-01,4.8,0.31,2,4,3,95.9,1,4,7
Lab_31,Pharmaceutical,2024-11-01,5.5,0.28,6,10,2,98.2,1,11,6
Lab_31,Pharmaceutical,2024-12-01,4.8,0.98,2,1,2,81.6,0,11,8
Lab_31,Pharmaceutical,2025-01-01,4.7,0.95,9,4,1,99.6,0,7,7
Lab_31,Pharmaceutical,2025-02-01,9.3,0.35,9,11,0,79.0,0,11,4
Lab_31,Pharmaceutical,2025-03-01,8.2,0.37,5,5,0,96.9,1,7,10
Lab_31,Pharmaceutical,2025-04-01,5.9,0.17,3,7,2,84.4,1,7,2
Lab_31,Pharmaceutical,2025-05-01,9.9,0.17,8,10,1,82.6,0,12,5
Lab_32,Research,2024-06-01,10.9,0.7,9,1,1,86.1,3,10,10
Lab_32,Research,2024-07-01,11.9,0.6,7,3,1,94.0,0,6,13
Lab_32,Research,2024-08-01,9.4,0.79,7,8,0,98.5,0,2,11
Lab_32,Research,2024-09-01,14.4,0.46,5,7,2,73.9,1,2,15
Lab_32,Research,2024-10-01,6.6,0.26,3,6,1,86.8,0,5,7
Lab_32,Research,2024-11-01,8.4,0.18,2,11,2,90.2,0,13,2
Lab_32,Research,2024-12-01,10.2,0.57,8,6,2,71.6,0,0,9
Lab_32,Research,2025-01-01,8.2,0.18,3,8,1,78.7,0,9,2
Lab_32,Research,2025-02-01,13.4,0.63,6,1,2,92.8,0,13,11
Lab_32,Research,2025-03-01,6.0,0.13,6,7,1,90.1,0,11,2
Lab_32,Research,2025-04-01,10.0,0.15,5,1,5,80.1,0,12,4
Lab_32,Research,2025-05-01,7.4,0.26,2,11,1,92.5,0,0,4
Lab_33,Research,2024-06-01,6.8,0.71,6,8,1,72.0,0,2,12
Lab_33,Research,2024-07-01,6.8,0.41,2,5,3,88.3,1,1,9
Lab_33,Research,2024-08-01,11.4,0.64,5,4,0,97.4,0,12,10
Lab_33,Research,2024-09-01,15.9,0.38,4,8,0,95.5,0,7,12
Lab_33,Research,2024-10-01,10.5,0.99,9,2,1,72.8,0,11,9
Lab_33,Research,2024-11-01,9.4,0.92,4,10,0,71.8,1,7,10
Lab_33,Research,2024-12-01,10.9,0.91,6,3,1,70.2,0,4,14
Lab_33,Research,2025-01-01,14.3,0.42,5,7,0,79.0,0,5,7
Lab_33,Research,2025-02-01,6.3,0.27,3,5,1,73.6,1,5,7
Lab_33,Research,2025-03-01,5.6,0.76,2,5,1,80.7,0,11,7
Lab_33,Research,2025-04-01,12.8,0.69,3,5,2,97.0,0,8,12
Lab_33,Research,2025-05-01,5.2,0.17,6,8,0,87.6,0,10,1
Lab_34,Industrial,2024-06-01,12.9,0.13,7,11,1,75.2,0,14,1
Lab_34,Industrial,2024-07-01,9.1,0.81,8,10,1,71.5,0,11,10
Lab_34,Industrial,2024-08-01,10.3,0.3,6,1,0,87.3,0,4,6
Lab_34,Industrial,2024-09-01,14.8,0.81,7,1,0,76.3,0,0,14
Lab_34,Industrial,2024-10-01,8.3,0.92,4,8,2,83.8,0,2,11
Lab_34,Industrial,2024-11-01,11.2,0.94,3,4,0,89.6,1,8,12
Lab_34,Industrial,2024-12-01,12.6,0.16,9,7,2,90.8,1,2,11
Lab_34,Industrial,2025-01-01,13.8,0.65,2,7,0,73.2,0,12,9
Lab_34,Industrial,2025-02-01,10.4,0.58,6,4,1,97.2,0,9,5
Lab_34,Industrial,2025-03-01,10.0,0.76,2,7,0,96.6,2,8,14
Lab_34,Industrial,2025-04-01,7.4,0.18,7,2,0,93.4,0,1,5
Lab_34,Industrial,2025-05-01,14.0,0.59,3,4,2,77.5,0,8,10
Lab_35,Research,2024-06-01,14.8,0.29,9,11,2,90.9,0,0,8
Lab_35,Research,2024-07-01,12.1,0.82,7,1,1,78.0,1,11,15
Lab_35,Research,2024-08-01,6.3,0.51,3,1,0,75.9,0,12,4
Lab_35,Research,2024-09-01,10.6,0.48,5,2,0,82.5,2,9,9
Lab_35,Research,2024-10-01,8.1,0.82,2,3,1,77.0,0,4,10
Lab_35,Research,2024-11-01,7.2,0.35,3,9,1,71.2,0,1,7
Lab_35,Research,2024-12-01,14.3,0.76,9,6,1,77.4,1,3,14
Lab_35,Research,2025-01-01,7.3,0.74,8,8,1,86.5,0,11,9
Lab_35,Research,2025-02-01,8.9,0.25,8,1,0,94.5,1,11,7
Lab_35,Research,2025-03-01,7.4,0.35,7,10,3,84.5,1,12,5
Lab_35,Research,2025-04-01,10.9,0.82,4,7,0,74.5,0,3,9
Lab_35,Research,2025-05-01,6.1,0.84,7,3,1,89.2,0,5,9
Lab_36,Pharmaceutical,2024-06-01,7.6,0.31,4,6,0,90.2,1,3,9
Lab_36,Pharmaceutical,2024-07-01,5.0,0.13,5,2,0,83.3,0,3,8
Lab_36,Pharmaceutical,2024-08-01,15.7,0.81,9,3,2,84.0,1,1,19
Lab_36,Pharmaceutical,2024-09-01,10.0,0.68,8,5,1,73.9,0,6,11
Lab_36,Pharmaceutical,2024-10-01,4.2,0.84,8,1,2,76.3,1,7,9
Lab_36,Pharmaceutical,2024-11-01,7.5,0.18,4,3,0,90.3,0,1,5
Lab_36,Pharmaceutical,2024-12-01,13.2,0.1,7,4,0,93.1,0,11,5
Lab_36,Pharmaceutical,2025-01-01,11.9,0.69,8,5,1,73.7,1,1,14
Lab_36,Pharmaceutical,2025-02-01,6.2,0.63,5,8,0,70.8,1,3,13
Lab_36,Pharmaceutical,2025-03-01,12.1,0.75,7,11,2,94.2,0,3,11
Lab_36,Pharmaceutical,2025-04-01,10.8,0.55,3,5,1,97.5,0,7,10
Lab_36,Pharmaceutical,2025-05-01,15.9,0.64,9,1,2,77.6,1,4,15
Lab_37,Research,2024-06-01,11.6,0.63,8,6,3,73.8,2,11,11
Lab_37,Research,2024-07-01,8.8,0.76,4,11,0,91.4,0,2,11
Lab_37,Research,2024-08-01,5.8,0.18,9,8,3,94.4,0,1,1
Lab_37,Research,2024-09-01,6.9,0.19,5,7,0,94.9,1,5,9
Lab_37,Research,2024-10-01,14.5,1.0,7,3,1,79.2,0,12,13
Lab_37,Research,2024-11-01,12.3,0.43,5,3,1,87.2,0,6,10
Lab_37,Research,2024-12-01,14.5,0.55,7,11,1,70.8,0,3,13
Lab_37,Research,2025-01-01,6.8,0.3,9,10,1,78.9,0,8,4
Lab_37,Research,2025-02-01,5.0,0.15,8,3,1,77.0,1,5,2
Lab_37,Research,2025-03-01,8.8,0.64,2,10,0,99.3,0,3,9
Lab_37,Research,2025-04-01,12.8,0.43,4,7,1,91.1,0,10,8
Lab_37,Research,2025-05-01,12.8,0.93,6,9,1,99.0,1,6,16
Lab_38,Industrial,2024-06-01,7.7,0.43,2,7,1,87.4,0,8,6
Lab_38,Industrial,2024-07-01,10.1,0.25,7,1,0,73.4,2,8,8
Lab_38,Industrial,2024-08-01,9.0,0.45,8,5,1,71.8,2,1,11
Lab_38,Industrial,2024-09-01,7.1,0.57,3,6,1,74.9,1,3,9
Lab_38,Industrial,2024-10-01,6.5,0.15,2,7,2,80.4,1,10,7
Lab_38,Industrial,2024-11-01,5.8,0.25,6,3,0,83.0,0,0,9
Lab_38,Industrial,2024-12-01,10.3,0.39,9,7,1,79.5,2,9,11
Lab_38,Industrial,2025-01-01,5.5,0.89,8,10,0,91.7,0,5,9
Lab_38,Industrial,2025-02-01,9.6,0.48,7,5,0,96.9,0,11,5
Lab_38,Industrial,2025-03-01,5.6,0.5,5,7,1,88.0,1,4,10
Lab_38,Industrial,2025-04-01,14.9,0.85,8,10,1,77.9,0,7,15
Lab_38,Industrial,2025-05-01,11.6,0.81,2,5,2,88.2,0,6,11
Lab_39,Research,2024-06-01,10.9,0.27,9,5,2,76.8,1,12,5
Lab_39,Research,2024-07-01,11.2,0.45,7,3,1,75.8,0,2,10
Lab_39,Research,2024-08-01,4.7,0.16,8,3,3,72.9,0,8,3
Lab_39,Research,2024-09-01,9.4,0.4,9,8,0,72.3,0,0,10
Lab_39,Research,2024-10-01,13.6,0.78,7,9,0,71.8,1,8,12
Lab_39,Research,2024-11-01,10.7,0.17,5,9,0,79.9,1,3,6
Lab_39,Research,2024-12-01,11.0,0.12,2,2,0,99.0,0,7,3
Lab_39,Research,2025-01-01,6.8,0.19,7,2,2,84.3,1,1,4
Lab_39,Research,2025-02-01,11.5,0.68,4,3,0,90.6,2,0,16
Lab_39,Research,2025-03-01,6.2,0.82,3,7,0,91.9,0,11,8
Lab_39,Research,2025-04-01,13.6,0.88,2,5,1,82.5,0,12,13
Lab_39,Research,2025-05-01,4.7,0.67,4,8,0,98.5,3,6,17
Lab_40,Pharmaceutical,2024-06-01,12.0,0.54,8,11,0,77.3,1,10,7
Lab_40,Pharmaceutical,2024-07-01,12.9,0.12,3,7,2,90.8,0,14,5
Lab_40,Pharmaceutical,2024-08-01,6.3,0.56,6,1,0,77.8,0,0,6
Lab_40,Pharmaceutical,2024-09-01,7.8,0.47,4,9,0,72.7,0,1,9
Lab_40,Pharmaceutical,2024-10-01,15.3,0.26,4,1,0,88.8,0,12,6
Lab_40,Pharmaceutical,2024-11-01,11.7,0.35,2,11,1,88.8,1,5,8
Lab_40,Pharmaceutical,2024-12-01,15.0,0.61,4,1,0,76.0,0,1,16
Lab_40,Pharmaceutical,2025-01-01,11.1,0.16,2,11,0,75.2,0,3,3
Lab_40,Pharmaceutical,2025-02-01,10.9,0.11,6,9,1,95.9,0,9,9
Lab_40,Pharmaceutical,2025-03-01,12.0,0.71,6,4,2,96.4,0,13,6
Lab_40,Pharmaceutical,2025-04-01,4.7,0.22,4,3,1,76.3,0,4,5
Lab_40,Pharmaceutical,2025-05-01,13.1,0.38,9,7,2,81.6,0,4,7
Lab_41,Pharmaceutical,2024-06-01,5.8,0.24,5,7,0,90.2,1,9,4
Lab_41,Pharmaceutical,2024-07-01,5.8,0.29,5,5,0,82.2,0,14,6
Lab_41,Pharmaceutical,2024-08-01,15.1,0.83,2,4,1,93.0,0,2,13
Lab_41,Pharmaceutical,2024-09-01,8.1,0.16,8,6,0,77.5,0,3,6
Lab_41,Pharmaceutical,2024-10-01,9.8,0.59,6,7,2,90.7,2,0,11
Lab_41,Pharmaceutical,2024-11-01,6.9,0.38,5,3,0,70.2,0,4,7
Lab_41,Pharmaceutical,2024-12-01,12.2,0.31,4,8,1,93.5,2,7,9
Lab_41,Pharmaceutical,2025-01-01,14.5,0.25,9,7,1,95.5,0,8,9
Lab_41,Pharmaceutical,2025-02-01,13.8,0.71,2,2,1,79.2,0,4,11
Lab_41,Pharmaceutical,2025-03-01,9.6,0.74,6,1,0,74.2,1,1,14
Lab_41,Pharmaceutical,2025-04-01,4.6,0.97,8,2,1,77.5,1,7,11
Lab_41,Pharmaceutical,2025-05-01,15.9,0.92,6,1,0,77.7,0,12,13
Lab_42,Industrial,2024-06-01,6.0,0.52,8,9,0,99.5,0,0,10
Lab_42,Industrial,2024-07-01,10.4,0.52,6,5,4,78.3,0,3,8
Lab_42,Industrial,2024-08-01,10.2,0.39,7,1,3,71.6,0,4,9
Lab_42,Industrial,2024-09-01,7.4,0.84,6,6,3,91.2,0,12,14
Lab_42,Industrial,2024-10-01,8.2,0.44,9,1,1,71.1,1,6,7
Lab_42,Industrial,2024-11-01,11.5,0.17,7,1,1,85.3,2,9,11
Lab_42,Industrial,2024-12-01,10.4,0.13,8,8,0,86.9,0,9,5
Lab_42,Industrial,2025-01-01,14.3,0.19,6,10,0,70.2,0,2,8
Lab_42,Industrial,2025-02-01,5.5,0.12,5,8,0,99.8,1,14,3
Lab_42,Industrial,2025-03-01,4.7,0.3,7,6,3,95.2,0,1,3
Lab_42,Industrial,2025-04-01,7.6,0.37,7,7,0,93.5,0,7,4
Lab_42,Industrial,2025-05-01,4.2,0.78,2,4,1,75.2,0,4,6
Lab_43,Research,2024-06-01,5.7,0.5,7,8,0,73.5,1,0,8
Lab_43,Research,2024-07-01,7.5,0.44,5,7,2,83.4,1,8,6
Lab_43,Research,2024-08-01,11.7,0.24,6,10,0,81.3,0,6,8
Lab_43,Research,2024-09-01,14.2,0.2,6,2,1,99.4,0,13,8
Lab_43,Research,2024-10-01,9.7,0.79,4,7,1,85.9,2,10,13
Lab_43,Research,2024-11-01,7.8,0.67,8,10,0,87.9,1,0,10
Lab_43,Research,2024-12-01,9.1,0.97,8,10,2,85.8,1,13,7
Lab_43,Research,2025-01-01,8.5,0.57,6,9,1,90.7,0,9,3
Lab_43,Research,2025-02-01,12.7,0.42,6,6,0,86.4,0,0,9
Lab_43,Research,2025-03-01,5.5,0.38,2,1,0,99.0,0,10,4
Lab_43,Research,2025-04-01,6.9,0.5,6,8,0,96.3,1,12,5
Lab_43,Research,2025-05-01,13.1,0.4,3,11,3,77.7,0,4,6
Lab_44,Pharmaceutical,2024-06-01,12.9,0.93,2,10,0,98.8,0,4,9
Lab_44,Pharmaceutical,2024-07-01,9.2,0.38,4,11,4,80.2,0,7,7
Lab_44,Pharmaceutical,2024-08-01,14.1,0.46,2,9,1,83.5,1,3,13
Lab_44,Pharmaceutical,2024-09-01,10.5,0.28,8,1,1,76.5,3,13,9
Lab_44,Pharmaceutical,2024-10-01,7.6,0.97,2,8,2,82.9,0,9,12
Lab_44,Pharmaceutical,2024-11-01,10.6,0.24,4,3,1,95.7,0,2,8
Lab_44,Pharmaceutical,2024-12-01,8.1,0.68,7,4,0,79.8,1,2,12
Lab_44,Pharmaceutical,2025-01-01,11.0,0.29,6,11,0,80.7,1,2,7
Lab_44,Pharmaceutical,2025-02-01,6.0,0.74,6,9,1,76.4,0,4,10
Lab_44,Pharmaceutical,2025-03-01,15.1,0.76,8,7,2,77.8,0,9,13
Lab_44,Pharmaceutical,2025-04-01,5.2,0.81,8,3,1,75.2,1,8,10
Lab_44,Pharmaceutical,2025-05-01,11.1,0.27,4,11,2,85.9,0,4,7
Lab_45,Industrial,2024-06-01,13.8,0.33,5,10,1,83.1,0,4,8
Lab_45,Industrial,2024-07-01,7.5,0.75,7,6,1,95.6,0,5,11
Lab_45,Industrial,2024-08-01,10.6,0.77,9,3,0,99.2,0,4,10
Lab_45,Industrial,2024-09-01,9.7,0.8,5,9,2,77.7,1,9,8
Lab_45,Industrial,2024-10-01,10.9,0.21,3,9,0,95.0,0,6,8
Lab_45,Industrial,2024-11-01,7.1,0.48,3,4,1,87.1,0,7,6
Lab_45,Industrial,2024-12-01,11.4,0.9,6,10,2,86.9,0,12,8
Lab_45,Industrial,2025-01-01,11.6,0.51,4,10,1,79.5,1,7,12
Lab_45,Industrial,2025-02-01,6.1,0.59,3,6,0,80.3,1,9,9
Lab_45,Industrial,2025-03-01,12.9,0.58,6,6,1,81.8,1,6,12
Lab_45,Industrial,2025-04-01,11.0,0.79,9,5,1,91.6,0,13,7
Lab_45,Industrial,2025-05-01,14.9,0.78,9,3,0,75.5,1,10,12
Lab_46,Industrial,2024-06-01,15.3,1.0,6,1,1,73.9,0,12,12
Lab_46,Industrial,2024-07-01,4.1,0.44,9,1,0,86.2,1,7,9
Lab_46,Industrial,2024-08-01,5.4,0.98,3,7,2,98.1,0,0,12
Lab_46,Industrial,2024-09-01,15.1,1.0,4,9,0,79.3,0,5,12
Lab_46,Industrial,2024-10-01,7.4,0.37,5,2,0,80.2,0,1,6
Lab_46,Industrial,2024-11-01,14.4,0.26,4,9,0,92.7,0,8,10
Lab_46,Industrial,2024-12-01,5.6,0.32,5,10,1,78.7,0,9,4
Lab_46,Industrial,2025-01-01,12.1,0.11,7,6,1,78.5,0,6,8
Lab_46,Industrial,2025-02-01,4.1,0.72,8,8,0,85.4,1,9,11
Lab_46,Industrial,2025-03-01,14.4,0.51,9,4,4,73.3,0,3,11
Lab_46,Industrial,2025-04-01,14.5,0.28,8,6,1,99.2,0,14,9
Lab_46,Industrial,2025-05-01,11.8,0.65,7,4,0,93.4,0,6,10
Lab_47,Research,2024-06-01,6.0,0.4,3,2,0,99.6,0,12,4
Lab_47,Research,2024-07-01,7.1,0.42,9,3,1,98.8,1,0,8
Lab_47,Research,2024-08-01,4.3,0.8,2,4,1,70.8,1,13,11
Lab_47,Research,2024-09-01,13.5,0.99,5,10,2,84.6,1,13,18
Lab_47,Research,2024-10-01,10.1,0.51,7,9,1,87.4,0,12,8
Lab_47,Research,2024-11-01,11.1,0.84,4,9,1,80.7,0,3,13
Lab_47,Research,2024-12-01,7.8,0.18,6,8,2,87.1,1,1,8
Lab_47,Research,2025-01-01,10.8,0.65,4,4,1,86.0,1,4,13
Lab_47,Research,2025-02-01,15.9,0.36,4,7,1,75.1,2,7,13
Lab_47,Research,2025-03-01,5.2,0.37,3,9,1,95.6,1,0,8
Lab_47,Research,2025-04-01,8.2,0.49,8,8,0,85.4,1,3,8
Lab_47,Research,2025-05-01,10.1,0.33,4,7,1,99.0,0,1,6
Lab_48,Pharmaceutical,2024-06-01,5.7,0.61,5,8,2,72.8,0,14,9
Lab_48,Pharmaceutical,2024-07-01,5.5,0.64,3,5,1,95.1,0,11,7
Lab_48,Pharmaceutical,2024-08-01,7.9,0.57,7,7,0,76.9,0,14,3
Lab_48,Pharmaceutical,2024-09-01,7.8,0.54,6,2,0,92.9,0,1,6
Lab_48,Pharmaceutical,2024-10-01,9.3,0.62,3,1,0,90.4,1,6,10
Lab_48,Pharmaceutical,2024-11-01,9.9,0.99,4,2,1,95.3,0,2,12
Lab_48,Pharmaceutical,2024-12-01,15.3,0.71,4,3,0,84.5,0,12,8
Lab_48,Pharmaceutical,2025-01-01,7.5,0.31,7,3,1,76.5,0,7,5
Lab_48,Pharmaceutical,2025-02-01,14.4,0.88,4,3,1,91.5,0,7,15
Lab_48,Pharmaceutical,2025-03-01,14.3,0.86,4,6,1,71.8,1,3,15
Lab_48,Pharmaceutical,2025-04-01,6.7,0.26,4,10,1,95.9,4,8,14
Lab_48,Pharmaceutical,2025-05-01,15.0,0.24,9,6,1,84.2,0,10,10
Lab_49,Industrial,2024-06-01,14.7,0.61,3,4,1,77.0,0,1,11
Lab_49,Industrial,2024-07-01,9.4,0.6,8,1,1,79.1,1,5,11
Lab_49,Industrial,2024-08-01,11.5,0.49,2,8,2,85.9,0,5,5
Lab_49,Industrial,2024-09-01,7.2,0.49,5,2,0,73.1,0,1,8
Lab_49,Industrial,2024-10-01,14.5,0.58,2,11,2,92.3,1,12,10
Lab_49,Industrial,2024-11-01,8.6,0.95,3,5,2,92.1,0,12,8
Lab_49,Industrial,2024-12-01,6.0,0.49,7,3,2,99.9,0,0,8
Lab_49,Industrial,2025-01-01,11.8,0.22,8,7,2,76.4,0,13,7
Lab_49,Industrial,2025-02-01,12.4,0.51,6,9,1,97.9,1,5,11
Lab_49,Industrial,2025-03-01,15.0,0.98,6,10,2,78.0,0,13,13
Lab_49,Industrial,2025-04-01,12.0,0.19,9,5,0,91.5,2,1,13
Lab_49,Industrial,2025-05-01,6.9,0.48,7,9,1,86.5,0,4,8
Lab_50,Pharmaceutical,2024-06-01,11.6,0.12,9,4,1,89.0,0,8,5
Lab_50,Pharmaceutical,2024-07-01,11.0,0.27,5,6,2,73.7,0,5,6
Lab_50,Pharmaceutical,2024-08-01,6.4,1.0,2,9,0,99.8,1,0,16
Lab_50,Pharmaceutical,2024-09-01,12.9,0.71,8,10,0,73.8,0,8,14
Lab_50,Pharmaceutical,2024-10-01,13.1,0.66,8,10,1,79.9,0,9,12
Lab_50,Pharmaceutical,2024-11-01,12.4,0.85,5,6,2,89.2,0,0,14
Lab_50,Pharmaceutical,2024-12-01,4.4,0.96,2,3,1,77.1,0,9,8
Lab_50,Pharmaceutical,2025-01-01,15.1,0.98,5,8,0,89.4,0,14,12
Lab_50,Pharmaceutical,2025-02-01,12.2,0.63,8,10,0,83.4,0,9,9
Lab_50,Pharmaceutical,2025-03-01,7.1,0.89,2,5,1,88.4,0,3,13
Lab_50,Pharmaceutical,2025-04-01,9.4,0.95,5,1,1,94.5,0,6,11
Lab_50,Pharmaceutical,2025-05-01,13.5,0.23,7,8,1,72.9,0,3,6
Lab_51,Research,2024-06-01,6.0,0.21,3,6,0,76.5,0,14,4
Lab_51,Research,2024-07-01,10.8,0.85,7,1,0,90.8,3,14,15
Lab_51,Research,2024-08-01,14.6,0.35,2,3,2,84.7,0,11,10
Lab_51,Research,2024-09-01,15.2,0.95,2,5,2,72.0,0,8,12
Lab_51,Research,2024-10-01,4.0,0.25,2,6,1,81.3,1,11,6
Lab_51,Research,2024-11-01,6.1,0.11,2,6,0,82.4,1,7,5
Lab_51,Research,2024-12-01,10.0,0.82,7,5,2,79.0,0,11,8
Lab_51,Research,2025-01-01,7.1,0.18,3,3,1,75.0,2,12,8
Lab_51,Research,2025-02-01,5.7,0.69,8,2,0,79.2,0,9,9
Lab_51,Research,2025-03-01,6.1,0.43,6,7,0,87.5,0,2,8
Lab_51,Research,2025-04-01,9.7,0.83,6,6,3,88.1,1,4,12
Lab_51,Research,2025-05-01,11.7,0.35,7,2,0,75.2,1,14,8
Lab_52,Research,2024-06-01,6.3,0.75,4,5,0,70.6,2,10,14
Lab_52,Research,2024-07-01,4.1,0.48,2,1,1,77.0,1,11,1
Lab_52,Research,2024-08-01,8.2,0.5,6,5,1,92.2,0,10,5
Lab_52,Research,2024-09-01,6.5,0.66,9,7,1,73.9,0,5,2
Lab_52,Research,2024-10-01,13.6,0.51,9,2,1,75.8,0,12,9
Lab_52,Research,2024-11-01,9.6,0.54,5,3,2,74.5,1,9,8
Lab_52,Research,2024-12-01,13.3,0.3,8,4,2,82.6,0,14,9
Lab_52,Research,2025-01-01,12.6,0.49,2,4,2,84.4,1,12,7
Lab_52,Research,2025-02-01,14.7,0.17,3,5,0,99.6,0,3,8
Lab_52,Research,2025-03-01,4.5,0.29,2,11,0,73.1,1,7,8
Lab_52,Research,2025-04-01,4.1,0.71,4,8,0,74.8,1,0,11
Lab_52,Research,2025-05-01,14.8,0.66,6,9,0,95.3,0,6,9
Lab_53,Research,2024-06-01,12.1,0.72,3,4,0,94.4,0,13,10
Lab_53,Research,2024-07-01,7.5,0.96,4,11,0,86.1,0,13,10
Lab_53,Research,2024-08-01,8.8,0.98,5,11,0,70.4,0,2,12
Lab_53,Research,2024-09-01,8.1,0.96,6,4,1,90.5,0,9,9
Lab_53,Research,2024-10-01,9.8,0.23,2,1,0,96.2,1,2,11
Lab_53,Research,2024-11-01,11.0,0.34,2,6,3,92.6,0,1,9
Lab_53,Research,2024-12-01,12.0,0.83,5,10,1,72.7,0,14,8
Lab_53,Research,2025-01-01,4.2,0.65,5,11,2,78.2,0,9,6
Lab_53,Research,2025-02-01,14.5,0.21,8,4,1,82.8,0,1,11
Lab_53,Research,2025-03-01,11.0,0.17,6,1,1,80.8,0,13,4
Lab_53,Research,2025-04-01,14.2,0.54,6,2,2,82.1,0,12,9
Lab_53,Research,2025-05-01,14.9,0.64,3,4,3,93.4,0,13,10
Lab_54,Pharmaceutical,2024-06-01,6.5,0.72,4,10,0,72.5,0,4,8
Lab_54,Pharmaceutical,2024-07-01,7.1,0.32,9,11,1,91.3,0,2,7
Lab_54,Pharmaceutical,2024-08-01,9.9,0.36,8,1,3,94.5,1,14,5
Lab_54,Pharmaceutical,2024-09-01,14.9,0.21,2,8,0,73.7,0,14,8
Lab_54,Pharmaceutical,2024-10-01,15.7,0.44,9,4,1,91.1,2,9,10
Lab_54,Pharmaceutical,2024-11-01,5.3,0.45,4,1,2,74.5,0,4,6
Lab_54,Pharmaceutical,2024-12-01,6.4,0.89,4,10,0,88.6,1,5,14
Lab_54,Pharmaceutical,2025-01-01,9.6,0.43,4,8,2,85.4,0,2,9
Lab_54,Pharmaceutical,2025-02-01,15.9,0.26,5,3,0,71.9,0,6,10
Lab_54,Pharmaceutical,2025-03-01,15.9,0.7,6,4,0,77.5,0,3,11
Lab_54,Pharmaceutical,2025-04-01,4.7,0.51,2,3,2,83.8,0,0,7
Lab_54,Pharmaceutical,2025-05-01,10.3,0.61,5,2,0,87.8,0,6,11
Lab_55,Industrial,2024-06-01,15.6,0.12,2,6,0,74.1,0,4,7
Lab_55,Industrial,2024-07-01,16.0,0.1,7,6,0,97.6,0,10,6
Lab_55,Industrial,2024-08-01,4.9,0.73,8,5,2,98.4,0,1,11
Lab_55,Industrial,2024-09-01,12.2,0.9,6,8,0,97.9,0,1,12
Lab_55,Industrial,2024-10-01,5.8,0.43,8,10,0,94.0,1,13,5
Lab_55,Industrial,2024-11-01,6.1,0.96,3,2,0,85.1,0,4,10
Lab_55,Industrial,2024-12-01,10.6,0.26,3,10,2,96.0,2,9,10
Lab_55,Industrial,2025-01-01,9.0,0.25,6,10,0,72.7,0,6,9
Lab_55,Industrial,2025-02-01,6.1,0.4,9,10,1,88.6,1,0,8
Lab_55,Industrial,2025-03-01,10.2,0.27,3,11,1,95.9,0,11,7
Lab_55,Industrial,2025-04-01,11.7,0.42,2,2,2,93.3,1,5,11
Lab_55,Industrial,2025-05-01,10.8,0.79,4,4,0,87.1,1,8,11
Lab_56,Industrial,2024-06-01,9.4,0.23,4,2,1,96.0,1,6,6
Lab_56,Industrial,2024-07-01,4.2,0.73,8,11,1,87.0,0,11,9
Lab_56,Industrial,2024-08-01,8.4,0.57,5,1,2,79.5,0,0,10
Lab_56,Industrial,2024-09-01,11.8,0.13,9,3,1,80.8,0,9,8
Lab_56,Industrial,2024-10-01,12.0,0.38,4,10,0,71.1,1,6,8
Lab_56,Industrial,2024-11-01,5.5,0.47,7,4,2,90.2,1,3,8
Lab_56,Industrial,2024-12-01,4.9,0.35,4,8,2,85.5,0,6,4
Lab_56,Industrial,2025-01-01,9.4,0.96,3,7,0,95.5,1,14,15
Lab_56,Industrial,2025-02-01,9.5,0.62,4,8,2,80.2,2,12,13
Lab_56,Industrial,2025-03-01,15.4,0.15,7,5,0,90.7,1,6,12
Lab_56,Industrial,2025-04-01,11.5,0.6,6,7,0,86.9,0,0,12
Lab_56,Industrial,2025-05-01,5.7,0.5,7,11,0,83.2,1,10,10
Lab_57,Industrial,2024-06-01,6.4,0.89,2,3,1,82.4,0,3,10
Lab_57,Industrial,2024-07-01,14.3,0.46,2,7,1,97.5,1,9,10
Lab_57,Industrial,2024-08-01,14.6,0.22,3,6,1,91.9,0,8,8
Lab_57,Industrial,2024-09-01,12.7,0.95,9,9,2,86.6,0,10,9
Lab_57,Industrial,2024-10-01,14.5,0.74,7,8,1,87.9,0,10,9
Lab_57,Industrial,2024-11-01,7.5,0.64,3,7,0,71.0,0,7,12
Lab_57,Industrial,2024-12-01,6.3,0.65,4,11,0,80.4,0,11,10
Lab_57,Industrial,2025-01-01,14.2,0.42,7,11,2,83.5,1,14,9
Lab_57,Industrial,2025-02-01,15.1,0.57,9,8,1,87.8,0,2,12
Lab_57,Industrial,2025-03-01,5.3,0.34,5,11,1,88.1,0,13,3
Lab_57,Industrial,2025-04-01,6.9,0.45,6,5,1,74.4,0,12,4
Lab_57,Industrial,2025-05-01,5.0,0.83,5,9,0,80.5,1,0,12
Lab_58,Industrial,2024-06-01,13.6,0.56,9,2,0,86.1,1,12,9
Lab_58,Industrial,2024-07-01,4.8,1.0,5,3,0,80.8,1,10,12
Lab_58,Industrial,2024-08-01,15.1,0.11,8,9,0,90.1,1,2,10
Lab_58,Industrial,2024-09-01,10.7,0.4,7,7,3,92.3,1,4,10
Lab_58,Industrial,2024-10-01,11.0,0.11,3,9,1,71.6,2,5,6
Lab_58,Industrial,2024-11-01,12.1,0.27,7,4,0,89.7,0,9,10
Lab_58,Industrial,2024-12-01,10.7,0.11,7,8,1,91.2,1,11,6
Lab_58,Industrial,2025-01-01,11.9,0.92,7,10,1,84.1,0,9,13
Lab_58,Industrial,2025-02-01,7.0,0.42,7,8,2,81.7,1,11,7
Lab_58,Industrial,2025-03-01,10.4,0.64,5,11,1,77.8,2,6,15
Lab_58,Industrial,2025-04-01,14.4,0.79,6,5,0,73.1,1,12,10
Lab_58,Industrial,2025-05-01,7.7,0.57,7,6,3,72.1,0,1,8
Lab_59,Pharmaceutical,2024-06-01,9.3,0.84,8,1,2,83.7,1,9,15
Lab_59,Pharmaceutical,2024-07-01,13.5,0.55,4,8,0,82.3,2,1,14
Lab_59,Pharmaceutical,2024-08-01,9.2,0.28,3,4,1,87.6,0,6,4
Lab_59,Pharmaceutical,2024-09-01,7.6,0.62,2,3,0,92.4,2,5,11
Lab_59,Pharmaceutical,2024-10-01,8.7,0.81,7,1,2,94.9,0,7,12
Lab_59,Pharmaceutical,2024-11-01,4.5,0.33,2,1,1,85.5,0,5,5
Lab_59,Pharmaceutical,2024-12-01,8.5,0.42,4,3,0,93.7,0,14,3
Lab_59,Pharmaceutical,2025-01-01,9.8,0.75,2,8,1,79.1,0,6,8
Lab_59,Pharmaceutical,2025-02-01,8.5,0.37,3,1,1,77.3,0,12,5
Lab_59,Pharmaceutical,2025-03-01,12.5,0.84,4,7,1,83.1,0,4,11
Lab_59,Pharmaceutical,2025-04-01,11.1,0.9,8,3,1,87.3,1,12,9
Lab_59,Pharmaceutical,2025-05-01,15.2,0.41,5,5,2,77.1,1,2,12
Lab_60,Research,2024-06-01,10.8,0.88,6,10,2,99.8,0,8,11
Lab_60,Research,2024-07-01,11.0,0.26,5,9,0,75.3,1,12,5
Lab_60,Research,2024-08-01,7.4,0.24,7,5,0,93.8,2,14,5
Lab_60,Research,2024-09-01,10.1,0.83,9,6,2,70.5,0,9,8
Lab_60,Research,2024-10-01,4.7,0.42,8,5,1,91.9,3,1,9
Lab_60,Research,2024-11-01,5.5,0.2,6,1,0,99.9,0,0,3
Lab_60,Research,2024-12-01,10.3,0.15,4,10,0,86.1,3,12,12
Lab_60,Research,2025-01-01,4.6,0.11,5,9,1,86.1,1,5,3
Lab_60,Research,2025-02-01,9.8,0.57,4,10,1,94.3,0,9,9
Lab_60,Research,2025-03-01,8.7,0.39,3,5,0,81.0,1,3,8
Lab_60,Research,2025-04-01,11.0,0.63,3,10,2,95.1,0,12,7
Lab_60,Research,2025-05-01,6.7,0.94,2,3,1,79.8,1,7,12
Lab_61,Pharmaceutical,2024-06-01,11.6,0.16,7,9,1,86.0,0,12,2
Lab_61,Pharmaceutical,2024-07-01,5.8,0.34,2,5,0,79.9,0,1,4
Lab_61,Pharmaceutical,2024-08-01,6.2,0.54,3,5,1,79.7,0,9,10
Lab_61,Pharmaceutical,2024-09-01,10.1,0.53,5,2,1,73.5,1,8,9
Lab_61,Pharmaceutical,2024-10-01,6.8,0.28,5,8,1,71.6,0,0,5
Lab_61,Pharmaceutical,2024-11-01,14.8,0.16,9,11,2,92.7,1,5,12
Lab_61,Pharmaceutical,2024-12-01,8.9,0.94,9,11,0,87.0,1,8,10
Lab_61,Pharmaceutical,2025-01-01,12.7,0.88,3,7,1,98.4,0,9,10
Lab_61,Pharmaceutical,2025-02-01,10.8,0.44,7,6,0,87.8,0,3,8
Lab_61,Pharmaceutical,2025-03-01,14.6,0.23,7,11,2,97.3,0,12,5
Lab_61,Pharmaceutical,2025-04-01,13.8,0.42,9,11,3,82.0,2,13,13
Lab_61,Pharmaceutical,2025-05-01,14.2,0.47,8,4,0,87.3,1,11,11
Lab_62,Pharmaceutical,2024-06-01,6.0,0.44,5,6,0,90.2,0,0,6
Lab_62,Pharmaceutical,2024-07-01,9.2,0.52,9,6,0,98.4,0,5,10
Lab_62,Pharmaceutical,2024-08-01,12.3,0.24,5,2,1,91.2,1,8,9
Lab_62,Pharmaceutical,2024-09-01,13.2,0.42,6,3,1,90.3,0,8,7
Lab_62,Pharmaceutical,2024-10-01,13.7,0.35,3,7,2,72.4,0,3,10
Lab_62,Pharmaceutical,2024-11-01,7.7,0.87,6,8,1,92.0,1,2,11
Lab_62,Pharmaceutical,2024-12-01,12.0,0.36,5,9,2,99.9,0,14,8
Lab_62,Pharmaceutical,2025-01-01,8.7,0.68,7,2,1,91.9,0,0,11
Lab_62,Pharmaceutical,2025-02-01,5.6,0.5,6,5,0,84.0,0,13,5
Lab_62,Pharmaceutical,2025-03-01,7.0,0.91,3,9,2,93.4,0,6,9
Lab_62,Pharmaceutical,2025-04-01,8.1,0.45,3,11,2,70.6,1,12,8
Lab_62,Pharmaceutical,2025-05-01,11.6,0.6,2,7,0,93.0,0,11,6
Lab_63,Industrial,2024-06-01,11.8,0.12,9,11,1,72.6,0,3,5
Lab_63,Industrial,2024-07-01,4.5,0.38,6,2,1,99.0,0,13,6
Lab_63,Industrial,2024-08-01,15.5,0.65,5,7,0,77.3,1,13,11
Lab_63,Industrial,2024-09-01,12.3,0.24,6,8,0,79.8,0,12,5
Lab_63,Industrial,2024-10-01,10.9,0.92,6,8,2,84.5,0,0,10
Lab_63,Industrial,2024-11-01,13.0,0.92,9,6,2,97.5,0,14,11
Lab_63,Industrial,2024-12-01,12.0,0.21,4,3,0,93.2,0,8,8
Lab_63,Industrial,2025-01-01,6.6,0.5,2,4,1,78.4,1,2,11
Lab_63,Industrial,2025-02-01,10.2,0.52,5,9,2,88.9,1,10,7
Lab_63,Industrial,2025-03-01,13.1,0.35,6,11,1,92.5,0,9,8
Lab_63,Industrial,2025-04-01,15.5,0.69,3,4,1,82.3,1,9,8
Lab_63,Industrial,2025-05-01,6.1,0.23,7,10,1,92.7,2,3,5
Lab_64,Research,2024-06-01,6.7,0.52,7,2,3,97.5,0,4,6
Lab_64,Research,2024-07-01,8.6,0.82,9,2,0,78.0,0,5,7
Lab_64,Research,2024-08-01,13.4,0.19,6,9,0,70.3,0,14,4
Lab_64,Research,2024-09-01,7.6,0.91,9,9,1,80.3,0,0,11
Lab_64,Research,2024-10-01,9.3,0.14,2,11,0,84.2,1,9,9
Lab_64,Research,2024-11-01,13.9,0.15,8,10,0,79.7,0,10,7
Lab_64,Research,2024-12-01,7.2,0.91,3,11,1,71.3,1,10,13
Lab_64,Research,2025-01-01,8.9,0.39,8,6,0,71.5,0,14,4
Lab_64,Research,2025-02-01,14.7,0.21,9,2,0,70.9,0,0,7
Lab_64,Research,2025-03-01,13.1,0.65,7,9,0,74.2,1,13,10
Lab_64,Research,2025-04-01,14.3,0.93,2,8,2,73.2,0,9,8
Lab_64,Research,2025-05-01,11.7,0.22,5,4,1,72.2,0,10,5
Lab_65,Research,2024-06-01,9.8,0.46,6,10,1,80.9,0,12,6
Lab_65,Research,2024-07-01,5.4,0.39,2,6,0,88.2,0,14,4
Lab_65,Research,2024-08-01,4.8,0.27,3,10,0,72.9,0,8,4
Lab_65,Research,2024-09-01,14.0,0.41,2,11,0,83.6,0,10,6
Lab_65,Research,2024-10-01,13.3,0.6,7,1,0,74.9,1,2,13
Lab_65,Research,2024-11-01,12.5,0.51,5,11,2,84.8,0,12,7
Lab_65,Research,2024-12-01,5.3,0.72,3,8,0,88.1,0,6,7
Lab_65,Research,2025-01-01,7.0,0.72,4,6,0,99.6,0,1,7
Lab_65,Research,2025-02-01,11.4,0.35,7,11,0,82.7,1,13,11
Lab_65,Research,2025-03-01,12.9,0.83,2,11,0,90.7,0,0,17
Lab_65,Research,2025-04-01,12.3,0.62,7,5,1,84.9,0,8,6
Lab_65,Research,2025-05-01,9.4,0.33,6,3,1,79.1,0,11,9
Lab_66,Industrial,2024-06-01,11.4,0.5,5,10,1,86.6,0,11,10
Lab_66,Industrial,2024-07-01,12.0,0.36,4,5,1,95.3,0,2,6
Lab_66,Industrial,2024-08-01,6.7,0.35,6,10,1,92.6,3,3,10
Lab_66,Industrial,2024-09-01,10.4,0.49,4,6,3,82.1,0,2,9
Lab_66,Industrial,2024-10-01,16.0,0.86,2,9,0,97.0,0,5,14
Lab_66,Industrial,2024-11-01,11.4,0.4,6,5,0,96.1,0,13,8
Lab_66,Industrial,2024-12-01,12.4,0.87,9,10,1,72.9,0,0,13
Lab_66,Industrial,2025-01-01,8.8,0.71,2,8,3,81.9,0,13,2
Lab_66,Industrial,2025-02-01,7.3,0.29,6,7,3,85.2,1,5,9
Lab_66,Industrial,2025-03-01,9.0,0.39,3,1,3,73.4,1,3,9
Lab_66,Industrial,2025-04-01,10.6,0.77,2,3,0,91.6,2,12,16
Lab_66,Industrial,2025-05-01,10.6,0.68,8,5,0,76.7,0,4,13
Lab_67,Pharmaceutical,2024-06-01,6.3,0.84,6,9,0,96.2,1,8,9
Lab_67,Pharmaceutical,2024-07-01,14.0,0.73,4,2,1,83.9,1,0,16
Lab_67,Pharmaceutical,2024-08-01,10.5,0.31,9,10,1,88.9,0,14,7
Lab_67,Pharmaceutical,2024-09-01,15.0,0.15,7,6,0,98.5,1,13,8
Lab_67,Pharmaceutical,2024-10-01,6.7,0.94,4,11,2,70.0,0,0,6
Lab_67,Pharmaceutical,2024-11-01,6.7,0.84,2,1,2,95.5,3,9,14
Lab_67,Pharmaceutical,2024-12-01,16.0,0.35,9,3,0,87.4,1,8,11
Lab_67,Pharmaceutical,2025-01-01,14.6,0.83,7,11,0,96.6,1,3,16
Lab_67,Pharmaceutical,2025-02-01,11.7,0.15,6,11,2,74.7,1,1,7
Lab_67,Pharmaceutical,2025-03-01,8.9,0.2,4,4,0,85.8,3,1,11
Lab_67,Pharmaceutical,2025-04-01,11.5,0.15,7,10,1,83.1,0,12,6
Lab_67,Pharmaceutical,2025-05-01,5.4,0.54,5,2,1,96.7,0,7,9
Lab_68,Pharmaceutical,2024-06-01,13.7,0.27,6,9,1,88.6,1,8,9
Lab_68,Pharmaceutical,2024-07-01,12.7,0.85,6,8,1,87.3,2,6,16
Lab_68,Pharmaceutical,2024-08-01,15.2,0.26,5,3,2,78.2,0,11,9
Lab_68,Pharmaceutical,2024-09-01,4.9,0.89,4,3,3,90.7,0,3,8
Lab_68,Pharmaceutical,2024-10-01,12.5,0.19,7,11,2,80.2,0,13,7
Lab_68,Pharmaceutical,2024-11-01,4.4,0.43,5,6,1,74.3,1,12,6
Lab_68,Pharmaceutical,2024-12-01,15.8,0.6,4,1,0,92.4,1,6,14
Lab_68,Pharmaceutical,2025-01-01,10.5,0.57,5,11,0,94.3,0,5,9
Lab_68,Pharmaceutical,2025-02-01,10.8,0.56,4,8,0,88.1,0,9,6
Lab_68,Pharmaceutical,2025-03-01,4.6,0.11,3,1,0,83.4,2,9,2
Lab_68,Pharmaceutical,2025-04-01,13.0,0.34,6,2,1,88.4,0,6,8
Lab_68,Pharmaceutical,2025-05-01,13.5,0.86,6,7,1,77.5,0,9,12
Lab_69,Pharmaceutical,2024-06-01,4.3,0.41,8,3,2,78.6,1,6,3
Lab_69,Pharmaceutical,2024-07-01,15.1,0.12,2,11,1,82.9,1,2,9
Lab_69,Pharmaceutical,2024-08-01,5.8,0.87,2,7,0,71.1,0,8,6
Lab_69,Pharmaceutical,2024-09-01,8.6,0.99,5,2,0,70.6,0,0,15
Lab_69,Pharmaceutical,2024-10-01,11.4,0.53,2,8,0,87.6,1,10,6
Lab_69,Pharmaceutical,2024-11-01,8.6,0.47,3,6,2,80.1,0,8,8
Lab_69,Pharmaceutical,2024-12-01,8.9,0.21,8,4,0,85.8,1,5,5
Lab_69,Pharmaceutical,2025-01-01,14.4,0.61,3,3,0,90.4,1,5,16
Lab_69,Pharmaceutical,2025-02-01,9.9,0.21,5,9,0,90.9,1,10,7
Lab_69,Pharmaceutical,2025-03-01,8.9,0.7,4,11,1,70.4,0,8,6
Lab_69,Pharmaceutical,2025-04-01,7.8,0.98,3,2,0,80.7,0,7,12
Lab_69,Pharmaceutical,2025-05-01,7.9,0.65,8,2,1,81.7,0,9,9
Lab_70,Pharmaceutical,2024-06-01,5.1,0.56,4,6,1,98.3,0,13,5
Lab_70,Pharmaceutical,2024-07-01,13.6,0.5,7,3,2,77.7,1,2,10
Lab_70,Pharmaceutical,2024-08-01,13.4,0.78,8,1,1,93.9,0,14,11
Lab_70,Pharmaceutical,2024-09-01,12.8,0.49,8,1,2,84.2,1,6,13
Lab_70,Pharmaceutical,2024-10-01,12.5,0.26,5,7,1,95.6,2,13,8
Lab_70,Pharmaceutical,2024-11-01,15.7,0.13,2,7,0,80.5,2,9,13
Lab_70,Pharmaceutical,2024-12-01,11.8,0.29,2,1,5,75.1,0,14,9
Lab_70,Pharmaceutical,2025-01-01,14.0,0.24,3,7,1,99.5,1,6,10
Lab_70,Pharmaceutical,2025-02-01,7.3,0.13,3,3,3,97.2,0,12,0
Lab_70,Pharmaceutical,2025-03-01,4.2,0.34,7,5,0,90.6,0,3,1
Lab_70,Pharmaceutical,2025-04-01,9.8,0.39,6,3,0,89.8,0,13,4
Lab_70,Pharmaceutical,2025-05-01,7.8,0.21,3,3,0,83.7,1,13,3
Lab_71,Industrial,2024-06-01,12.2,0.19,3,8,1,92.7,0,7,5
Lab_71,Industrial,2024-07-01,12.1,0.86,5,3,1,79.0,1,11,13
Lab_71,Industrial,2024-08-01,14.7,0.55,4,4,1,92.4,0,3,11
Lab_71,Industrial,2024-09-01,13.7,0.42,3,3,0,73.3,1,1,9
Lab_71,Industrial,2024-10-01,7.2,0.83,4,7,1,71.2,1,13,9
Lab_71,Industrial,2024-11-01,9.7,0.74,7,9,0,91.2,1,11,12
Lab_71,Industrial,2024-12-01,8.8,0.4,5,5,1,89.0,0,13,6
Lab_71,Industrial,2025-01-01,5.8,0.11,8,1,1,77.2,0,0,4
Lab_71,Industrial,2025-02-01,12.8,0.72,8,9,0,88.3,0,14,12
Lab_71,Industrial,2025-03-01,12.9,0.9,5,3,2,96.5,1,13,12
Lab_71,Industrial,2025-04-01,10.7,0.22,9,3,0,75.7,0,0,9
Lab_71,Industrial,2025-05-01,13.2,0.45,4,4,3,88.8,1,5,10
Lab_72,Pharmaceutical,2024-06-01,4.2,0.53,5,3,1,94.8,0,1,5
Lab_72,Pharmaceutical,2024-07-01,7.1,0.85,5,3,1,86.8,0,3,9
Lab_72,Pharmaceutical,2024-08-01,12.2,0.16,5,9,1,96.3,0,12,2
Lab_72,Pharmaceutical,2024-09-01,15.4,0.12,8,11,1,77.6,0,12,9
Lab_72,Pharmaceutical,2024-10-01,6.4,0.91,9,8,1,96.1,0,13,8
Lab_72,Pharmaceutical,2024-11-01,9.8,0.44,8,6,0,90.6,0,10,4
Lab_72,Pharmaceutical,2024-12-01,11.4,0.69,3,8,0,89.8,2,10,12
Lab_72,Pharmaceutical,2025-01-01,6.9,0.94,3,10,0,74.1,1,9,11
Lab_72,Pharmaceutical,2025-02-01,8.5,0.39,9,8,2,97.9,0,9,3
Lab_72,Pharmaceutical,2025-03-01,5.5,0.15,3,7,0,75.2,1,11,6
Lab_72,Pharmaceutical,2025-04-01,12.8,0.43,3,3,0,78.9,2,6,11
Lab_72,Pharmaceutical,2025-05-01,6.0,0.62,4,11,1,70.1,0,6,5
Lab_73,Research,2024-06-01,7.9,0.2,9,5,2,74.6,1,7,6
Lab_73,Research,2024-07-01,12.2,0.42,6,5,0,81.7,2,9,15
Lab_73,Research,2024-08-01,11.5,0.47,3,8,0,73.9,0,4,6
Lab_73,Research,2024-09-01,11.3,0.73,7,10,0,72.1,0,8,13
Lab_73,Research,2024-10-01,11.8,0.25,9,1,1,80.1,2,1,11
Lab_73,Research,2024-11-01,14.8,0.71,5,5,2,75.7,2,7,16
Lab_73,Research,2024-12-01,12.4,0.29,6,7,1,77.2,0,0,7
Lab_73,Research,2025-01-01,8.1,0.48,4,7,1,70.9,0,9,5
Lab_73,Research,2025-02-01,15.2,0.44,2,11,0,71.8,0,8,7
Lab_73,Research,2025-03-01,9.3,0.16,4,5,0,97.1,1,13,7
Lab_73,Research,2025-04-01,6.1,0.49,6,10,1,98.2,0,1,10
Lab_73,Research,2025-05-01,6.0,0.21,9,7,0,96.4,0,5,8
Lab_74,Pharmaceutical,2024-06-01,5.2,0.49,9,11,2,95.0,0,8,4
Lab_74,Pharmaceutical,2024-07-01,5.9,0.83,2,4,0,88.8,1,8,10
Lab_74,Pharmaceutical,2024-08-01,13.5,0.66,7,3,0,83.1,0,14,5
Lab_74,Pharmaceutical,2024-09-01,7.5,0.35,9,3,0,80.2,0,7,10
Lab_74,Pharmaceutical,2024-10-01,12.0,0.87,7,6,1,87.9,0,6,10
Lab_74,Pharmaceutical,2024-11-01,4.8,0.62,9,11,0,94.2,0,5,8
Lab_74,Pharmaceutical,2024-12-01,15.2,0.62,3,7,2,72.0,0,10,11
Lab_74,Pharmaceutical,2025-01-01,8.2,0.51,5,10,0,93.3,0,8,7
Lab_74,Pharmaceutical,2025-02-01,5.8,0.61,7,10,0,73.9,0,2,8
Lab_74,Pharmaceutical,2025-03-01,9.0,0.27,5,11,1,92.4,0,11,1
Lab_74,Pharmaceutical,2025-04-01,9.0,0.26,7,1,2,93.6,1,14,7
Lab_74,Pharmaceutical,2025-05-01,14.9,0.77,3,3,1,92.3,1,5,15
Lab_75,Pharmaceutical,2024-06-01,11.7,0.96,6,7,0,88.3,1,11,12
Lab_75,Pharmaceutical,2024-07-01,6.1,0.89,6,10,2,81.8,0,11,5
Lab_75,Pharmaceutical,2024-08-01,15.1,0.94,6,11,1,85.4,0,11,12
Lab_75,Pharmaceutical,2024-09-01,8.0,0.48,2,7,0,96.1,0,14,7
Lab_75,Pharmaceutical,2024-10-01,7.4,0.98,6,11,1,87.9,1,4,13
Lab_75,Pharmaceutical,2024-11-01,14.3,0.14,5,9,1,80.7,0,11,8
Lab_75,Pharmaceutical,2024-12-01,9.1,0.24,7,7,1,83.3,1,7,4
Lab_75,Pharmaceutical,2025-01-01,10.9,0.24,5,4,4,95.8,0,3,3
Lab_75,Pharmaceutical,2025-02-01,10.2,0.82,7,7,1,97.4,0,13,9
Lab_75,Pharmaceutical,2025-03-01,8.3,0.36,8,9,0,96.9,1,10,8
Lab_75,Pharmaceutical,2025-04-01,7.5,0.17,5,5,0,76.1,1,13,3
Lab_75,Pharmaceutical,2025-05-01,14.3,0.16,4,5,0,80.3,0,9,4
Lab_76,Industrial,2024-06-01,13.2,0.9,9,1,1,93.3,1,2,17
Lab_76,Industrial,2024-07-01,12.9,0.59,6,1,0,85.6,1,14,10
Lab_76,Industrial,2024-08-01,13.0,0.84,9,9,1,77.5,1,14,10
Lab_76,Industrial,2024-09-01,10.9,0.91,7,8,3,73.1,1,2,11
Lab_76,Industrial,2024-10-01,14.2,0.12,3,9,1,90.6,1,0,10
Lab_76,Industrial,2024-11-01,13.7,0.6,4,10,2,81.4,0,3,11
Lab_76,Industrial,2024-12-01,7.2,0.58,3,8,1,91.6,0,10,5
Lab_76,Industrial,2025-01-01,9.3,0.53,5,7,2,99.2,0,4,8
Lab_76,Industrial,2025-02-01,10.0,0.6,3,3,1,77.6,2,3,12
Lab_76,Industrial,2025-03-01,6.0,0.55,4,1,1,70.3,1,14,7
Lab_76,Industrial,2025-04-01,8.7,0.72,4,4,1,88.2,0,9,6
Lab_76,Industrial,2025-05-01,4.1,0.57,2,10,2,87.2,2,8,11
Lab_77,Research,2024-06-01,7.2,0.55,4,6,0,91.7,1,9,10
Lab_77,Research,2024-07-01,14.2,0.16,5,5,3,91.8,2,0,13
Lab_77,Research,2024-08-01,6.6,0.42,5,11,0,92.3,0,3,7
Lab_77,Research,2024-09-01,8.7,0.17,9,5,0,74.8,0,14,3
Lab_77,Research,2024-10-01,4.6,0.56,9,9,0,73.1,0,14,7
Lab_77,Research,2024-11-01,6.4,0.8,5,11,0,76.4,0,14,9
Lab_77,Research,2024-12-01,6.5,0.54,8,5,1,77.5,0,4,6
Lab_77,Research,2025-01-01,8.8,0.25,6,7,1,86.1,1,4,8
Lab_77,Research,2025-02-01,6.8,0.8,5,10,1,74.9,0,14,6
Lab_77,Research,2025-03-01,12.8,0.18,9,10,1,74.2,1,7,1
Lab_77,Research,2025-04-01,5.6,0.56,2,10,1,77.7,0,1,11
Lab_77,Research,2025-05-01,7.4,0.3,2,8,0,90.0,0,6,6
Lab_78,Pharmaceutical,2024-06-01,4.4,0.66,2,4,1,87.3,0,12,3
Lab_78,Pharmaceutical,2024-07-01,15.6,0.73,7,10,1,86.0,1,2,17
Lab_78,Pharmaceutical,2024-08-01,8.9,0.75,7,2,1,85.1,0,13,7
Lab_78,Pharmaceutical,2024-09-01,7.6,0.6,6,9,0,73.8,0,9,9
Lab_78,Pharmaceutical,2024-10-01,11.9,0.5,6,10,2,90.7,0,13,5
Lab_78,Pharmaceutical,2024-11-01,9.5,0.31,3,8,4,83.6,1,14,7
Lab_78,Pharmaceutical,2024-12-01,5.6,0.7,6,7,1,72.8,0,14,7
Lab_78,Pharmaceutical,2025-01-01,15.2,0.94,2,10,0,71.8,0,3,13
Lab_78,Pharmaceutical,2025-02-01,5.2,0.35,3,11,2,74.2,0,13,3
Lab_78,Pharmaceutical,2025-03-01,7.9,0.24,7,11,0,80.9,0,13,5
Lab_78,Pharmaceutical,2025-04-01,11.7,0.67,2,6,4,72.5,0,8,10
Lab_78,Pharmaceutical,2025-05-01,12.8,0.2,2,11,2,87.8,0,5,7
Lab_79,Research,2024-06-01,5.5,0.98,5,4,1,76.2,0,3,7
Lab_79,Research,2024-07-01,9.5,0.45,4,6,1,76.5,2,0,11
Lab_79,Research,2024-08-01,7.3,0.84,9,2,1,79.7,1,1,15
Lab_79,Research,2024-09-01,6.3,0.67,4,10,3,75.6,0,6,6
Lab_79,Research,2024-10-01,5.4,0.64,2,6,0,82.9,0,3,10
Lab_79,Research,2024-11-01,8.5,0.34,2,9,1,88.4,0,14,6
Lab_79,Research,2024-12-01,8.5,0.95,3,5,1,76.1,0,6,9
Lab_79,Research,2025-01-01,15.4,0.81,9,4,3,83.1,1,0,16
Lab_79,Research,2025-02-01,8.8,0.25,6,7,2,89.8,1,5,8
Lab_79,Research,2025-03-01,7.3,0.88,8,4,0,85.5,0,3,10
Lab_79,Research,2025-04-01,13.7,0.43,9,7,0,91.3,0,8,8
Lab_79,Research,2025-05-01,8.7,0.62,7,10,1,82.9,0,11,6
Lab_80,Research,2024-06-01,4.4,0.46,7,4,2,73.3,2,4,9
Lab_80,Research,2024-07-01,6.6,0.28,8,5,3,94.7,0,11,5
Lab_80,Research,2024-08-01,4.4,0.22,3,1,1,85.5,0,6,4
Lab_80,Research,2024-09-01,4.5,0.94,6,7,3,92.0,1,11,14
Lab_80,Research,2024-10-01,6.7,0.65,9,2,0,88.0,1,3,9
Lab_80,Research,2024-11-01,15.2,0.44,9,6,1,91.5,0,1,10
Lab_80,Research,2024-12-01,15.2,0.82,7,5,1,91.1,1,0,18
Lab_80,Research,2025-01-01,8.8,0.68,8,2,1,96.4,3,9,18
Lab_80,Research,2025-02-01,12.5,0.96,2,4,2,93.3,0,9,15
Lab_80,Research,2025-03-01,8.3,0.94,3,10,1,75.1,1,13,11
Lab_80,Research,2025-04-01,8.9,0.47,3,7,1,74.0,0,12,8
Lab_80,Research,2025-05-01,6.5,0.39,5,5,1,98.0,0,0,4
Lab_81,Pharmaceutical,2024-06-01,13.8,0.87,4,8,0,78.6,0,4,15
Lab_81,Pharmaceutical,2024-07-01,10.6,0.63,9,8,0,71.4,0,8,12
Lab_81,Pharmaceutical,2024-08-01,5.4,0.71,3,9,2,98.6,2,3,12
Lab_81,Pharmaceutical,2024-09-01,6.5,0.85,7,4,0,85.2,0,14,10
Lab_81,Pharmaceutical,2024-10-01,9.3,0.64,9,3,1,91.0,1,5,11
Lab_81,Pharmaceutical,2024-11-01,4.3,0.4,9,3,2,72.8,0,0,5
Lab_81,Pharmaceutical,2024-12-01,7.5,0.84,4,3,1,83.5,0,8,7
Lab_81,Pharmaceutical,2025-01-01,15.1,0.51,3,8,0,70.6,0,11,9
Lab_81,Pharmaceutical,2025-02-01,5.5,0.47,3,6,2,97.4,0,13,5
Lab_81,Pharmaceutical,2025-03-01,14.0,0.46,8,3,1,99.7,0,3,6
Lab_81,Pharmaceutical,2025-04-01,9.4,0.56,4,10,2,78.9,0,9,5
Lab_81,Pharmaceutical,2025-05-01,10.3,0.7,8,5,3,99.9,1,4,10
Lab_82,Industrial,2024-06-01,5.1,0.86,5,4,1,76.6,0,13,12
Lab_82,Industrial,2024-07-01,9.3,0.7,6,6,2,78.0,0,10,6
Lab_82,Industrial,2024-08-01,8.1,0.16,7,10,2,78.1,0,10,5
Lab_82,Industrial,2024-09-01,11.2,0.54,8,1,1,77.5,1,4,11
Lab_82,Industrial,2024-10-01,9.1,0.26,2,6,1,97.1,0,14,3
Lab_82,Industrial,2024-11-01,12.6,0.45,6,5,2,90.8,1,2,14
Lab_82,Industrial,2024-12-01,4.7,1.0,5,1,0,81.9,0,10,11
Lab_82,Industrial,2025-01-01,6.4,0.17,3,9,1,95.6,1,2,6
Lab_82,Industrial,2025-02-01,10.6,0.74,9,3,2,88.5,0,6,12
Lab_82,Industrial,2025-03-01,8.9,0.89,5,1,0,99.6,1,6,10
Lab_82,Industrial,2025-04-01,14.5,0.92,4,10,0,72.1,0,14,13
Lab_82,Industrial,2025-05-01,8.5,0.11,4,6,1,70.7,1,11,3
Lab_83,Pharmaceutical,2024-06-01,7.6,0.25,7,1,1,85.3,0,8,6
Lab_83,Pharmaceutical,2024-07-01,11.7,0.79,7,6,1,76.4,1,12,11
Lab_83,Pharmaceutical,2024-08-01,15.4,0.8,4,5,1,94.9,1,8,15
Lab_83,Pharmaceutical,2024-09-01,12.4,0.25,7,6,0,77.1,0,3,4
Lab_83,Pharmaceutical,2024-10-01,4.2,0.64,9,10,0,74.5,2,10,9
Lab_83,Pharmaceutical,2024-11-01,12.1,0.84,4,1,1,89.9,0,3,12
Lab_83,Pharmaceutical,2024-12-01,9.8,0.83,2,3,1,95.1,0,4,12
Lab_83,Pharmaceutical,2025-01-01,6.5,0.93,9,5,2,73.2,0,7,10
Lab_83,Pharmaceutical,2025-02-01,5.9,0.11,9,3,0,72.5,0,3,3
Lab_83,Pharmaceutical,2025-03-01,10.0,0.14,6,6,2,76.3,0,5,4
Lab_83,Pharmaceutical,2025-04-01,6.6,0.56,3,6,2,83.9,0,1,8
Lab_83,Pharmaceutical,2025-05-01,4.7,0.96,9,2,2,84.1,1,13,9
Lab_84,Industrial,2024-06-01,9.9,0.97,9,11,0,80.9,0,11,10
Lab_84,Industrial,2024-07-01,14.1,0.48,4,11,2,87.8,0,6,10
Lab_84,Industrial,2024-08-01,8.2,0.52,3,5,0,71.0,0,7,8
Lab_84,Industrial,2024-09-01,8.1,0.38,7,2,0,89.3,0,9,4
Lab_84,Industrial,2024-10-01,12.4,0.63,8,4,0,90.7,0,13,11
Lab_84,Industrial,2024-11-01,9.9,0.38,2,11,0,76.2,1,9,8
Lab_84,Industrial,2024-12-01,12.6,0.77,3,3,0,78.2,0,8,9
Lab_84,Industrial,2025-01-01,10.1,0.51,9,8,1,76.7,1,6,10
Lab_84,Industrial,2025-02-01,8.5,0.55,7,10,0,82.0,0,6,6
Lab_84,Industrial,2025-03-01,9.9,0.42,8,2,0,77.3,0,7,8
Lab_84,Industrial,2025-04-01,12.4,0.32,5,7,0,99.5,1,5,6
Lab_84,Industrial,2025-05-01,9.7,0.93,6,3,2,77.0,3,1,17
Lab_85,Pharmaceutical,2024-06-01,15.0,0.35,6,3,3,75.8,1,6,14
Lab_85,Pharmaceutical,2024-07-01,13.4,0.58,8,5,1,98.6,0,14,6
Lab_85,Pharmaceutical,2024-08-01,10.2,0.61,3,5,0,89.3,1,9,9
Lab_85,Pharmaceutical,2024-09-01,11.2,0.21,3,11,1,87.3,0,2,9
Lab_85,Pharmaceutical,2024-10-01,8.7,0.24,6,4,2,85.2,0,6,4
Lab_85,Pharmaceutical,2024-11-01,15.0,0.12,4,10,1,77.7,0,7,7
Lab_85,Pharmaceutical,2024-12-01,15.6,0.49,6,2,1,97.0,0,2,14
Lab_85,Pharmaceutical,2025-01-01,13.4,0.29,5,8,1,75.2,0,0,9
Lab_85,Pharmaceutical,2025-02-01,14.4,0.55,7,2,0,89.4,0,9,9
Lab_85,Pharmaceutical,2025-03-01,6.6,0.34,5,9,2,91.4,1,9,0
Lab_85,Pharmaceutical,2025-04-01,8.0,0.6,3,6,0,83.7,0,14,9
Lab_85,Pharmaceutical,2025-05-01,13.0,0.64,8,11,0,79.4,1,3,12
Lab_86,Pharmaceutical,2024-06-01,12.2,0.34,3,6,3,89.4,0,9,5
Lab_86,Pharmaceutical,2024-07-01,7.2,0.32,2,1,0,87.3,1,11,8
Lab_86,Pharmaceutical,2024-08-01,11.9,0.76,4,11,1,92.7,0,7,9
Lab_86,Pharmaceutical,2024-09-01,6.1,0.48,4,7,1,99.9,0,10,8
Lab_86,Pharmaceutical,2024-10-01,5.3,0.92,2,10,1,72.9,1,7,10
Lab_86,Pharmaceutical,2024-11-01,7.0,0.57,3,9,1,97.8,1,3,10
Lab_86,Pharmaceutical,2024-12-01,6.8,0.8,9,4,1,82.9,0,6,7
Lab_86,Pharmaceutical,2025-01-01,13.9,0.33,4,10,2,85.1,0,14,7
Lab_86,Pharmaceutical,2025-02-01,11.6,0.78,7,6,0,84.8,1,11,8
Lab_86,Pharmaceutical,2025-03-01,4.1,0.32,5,1,2,74.7,1,2,4
Lab_86,Pharmaceutical,2025-04-01,13.4,0.47,3,5,3,88.7,0,11,8
Lab_86,Pharmaceutical,2025-05-01,4.7,0.62,8,6,2,74.6,0,8,6
Lab_87,Research,2024-06-01,10.7,0.7,3,7,0,82.8,0,12,10
Lab_87,Research,2024-07-01,6.5,0.74,7,6,1,71.7,0,0,8
Lab_87,Research,2024-08-01,12.8,0.62,9,2,2,91.4,0,14,7
Lab_87,Research,2024-09-01,7.6,0.75,7,8,3,91.5,1,12,11
Lab_87,Research,2024-10-01,12.9,0.47,7,3,2,98.9,1,13,7
Lab_87,Research,2024-11-01,15.3,0.21,2,11,1,86.3,0,0,13
Lab_87,Research,2024-12-01,11.4,0.58,4,2,4,76.8,0,14,10
Lab_87,Research,2025-01-01,11.4,0.17,9,1,0,72.4,1,3,7
Lab_87,Research,2025-02-01,7.0,0.4,7,2,1,85.4,1,3,8
Lab_87,Research,2025-03-01,7.8,0.75,8,5,5,80.9,1,1,15
Lab_87,Research,2025-04-01,13.0,0.22,4,10,2,83.3,0,2,5
Lab_87,Research,2025-05-01,11.4,0.21,9,4,1,98.6,1,14,3
Lab_88,Industrial,2024-06-01,12.1,0.39,8,9,2,97.2,1,8,9
Lab_88,Industrial,2024-07-01,6.6,0.44,5,2,0,88.2,0,14,6
Lab_88,Industrial,2024-08-01,7.8,0.95,4,4,4,85.1,0,5,7
Lab_88,Industrial,2024-09-01,15.6,0.64,4,8,2,71.0,1,11,16
Lab_88,Industrial,2024-10-01,11.8,0.71,2,1,4,79.3,2,0,15
Lab_88,Industrial,2024-11-01,10.7,0.79,4,8,0,70.8,1,12,10
Lab_88,Industrial,2024-12-01,9.5,0.91,6,4,1,83.4,1,0,18
Lab_88,Industrial,2025-01-01,5.5,0.65,4,6,5,72.6,0,2,9
Lab_88,Industrial,2025-02-01,7.3,0.28,4,7,0,99.4,0,8,7
Lab_88,Industrial,2025-03-01,13.2,0.47,7,1,1,76.8,0,3,8
Lab_88,Industrial,2025-04-01,8.2,0.54,4,4,1,91.6,0,0,13
Lab_88,Industrial,2025-05-01,9.9,0.47,7,6,1,86.2,1,13,10
Lab_89,Research,2024-06-01,10.7,0.36,8,11,1,90.1,3,1,15
Lab_89,Research,2024-07-01,12.6,0.17,6,8,1,89.4,0,1,7
Lab_89,Research,2024-08-01,6.8,0.66,5,9,0,70.4,0,3,7
Lab_89,Research,2024-09-01,7.7,0.36,9,7,1,72.1,3,4,13
Lab_89,Research,2024-10-01,14.7,0.32,7,4,1,77.7,0,2,13
Lab_89,Research,2024-11-01,9.7,0.45,4,8,0,82.6,0,7,9
Lab_89,Research,2024-12-01,9.5,0.57,4,9,1,75.5,0,1,9
Lab_89,Research,2025-01-01,9.3,0.5,9,7,1,96.7,0,2,12
Lab_89,Research,2025-02-01,14.2,0.89,8,9,0,88.9,0,3,12
Lab_89,Research,2025-03-01,9.5,0.77,6,5,1,91.5,0,7,10
Lab_89,Research,2025-04-01,7.7,0.39,6,4,0,93.7,0,7,7
Lab_89,Research,2025-05-01,14.2,0.71,8,2,3,75.0,1,9,6
Lab_90,Pharmaceutical,2024-06-01,6.9,0.89,9,6,1,90.2,1,3,8
Lab_90,Pharmaceutical,2024-07-01,14.3,0.53,7,3,0,82.6,0,6,10
Lab_90,Pharmaceutical,2024-08-01,10.6,0.29,5,11,0,78.0,1,4,8
Lab_90,Pharmaceutical,2024-09-01,15.1,0.81,3,9,0,87.6,0,10,12
Lab_90,Pharmaceutical,2024-10-01,6.6,0.34,6,7,1,97.8,0,11,0
Lab_90,Pharmaceutical,2024-11-01,7.7,0.51,5,11,2,97.7,0,3,6
Lab_90,Pharmaceutical,2024-12-01,4.6,0.64,7,10,2,90.0,2,3,9
Lab_90,Pharmaceutical,2025-01-01,10.3,0.11,6,6,3,71.4,3,5,12
Lab_90,Pharmaceutical,2025-02-01,4.9,0.74,2,2,0,70.1,1,1,11
Lab_90,Pharmaceutical,2025-03-01,10.4,0.53,5,5,1,86.6,0,13,6
Lab_90,Pharmaceutical,2025-04-01,9.1,0.81,5,7,0,94.4,0,3,11
Lab_90,Pharmaceutical,2025-05-01,11.0,0.18,3,3,0,93.6,0,5,7
Lab_91,Pharmaceutical,2024-06-01,14.3,0.21,7,9,0,91.1,1,7,15
Lab_91,Pharmaceutical,2024-07-01,6.4,0.36,7,8,1,88.7,1,5,6
Lab_91,Pharmaceutical,2024-08-01,11.6,0.89,9,3,2,81.4,1,5,13
Lab_91,Pharmaceutical,2024-09-01,15.6,0.6,8,3,2,77.3,1,2,14
Lab_91,Pharmaceutical,2024-10-01,12.5,0.33,2,11,1,73.9,4,1,18
Lab_91,Pharmaceutical,2024-11-01,14.2,0.4,2,8,1,78.6,1,2,11
Lab_91,Pharmaceutical,2024-12-01,6.3,0.98,8,2,0,87.7,1,14,12
Lab_91,Pharmaceutical,2025-01-01,4.9,0.37,5,4,1,74.7,1,6,7
Lab_91,Pharmaceutical,2025-02-01,9.4,0.64,7,5,2,95.2,0,4,10
Lab_91,Pharmaceutical,2025-03-01,16.0,0.7,6,2,2,83.0,0,12,10
Lab_91,Pharmaceutical,2025-04-01,12.3,0.78,9,6,1,91.5,0,7,12
Lab_91,Pharmaceutical,2025-05-01,7.9,0.36,7,6,1,85.7,0,13,4
Lab_92,Research,2024-06-01,15.7,0.92,7,3,1,80.8,1,1,19
Lab_92,Research,2024-07-01,12.2,0.29,7,11,1,85.0,2,6,12
Lab_92,Research,2024-08-01,13.2,0.32,7,1,1,98.1,1,9,12
Lab_92,Research,2024-09-01,7.6,0.56,3,6,0,71.1,0,2,10
Lab_92,Research,2024-10-01,4.8,0.58,8,9,1,85.4,1,6,7
Lab_92,Research,2024-11-01,12.4,0.8,2,1,0,86.7,1,11,13
Lab_92,Research,2024-12-01,10.4,0.71,7,4,1,92.9,0,11,10
Lab_92,Research,2025-01-01,4.5,0.62,9,2,0,87.9,0,0,9
Lab_92,Research,2025-02-01,4.0,0.96,8,5,2,75.1,0,9,10
Lab_92,Research,2025-03-01,14.4,0.37,6,7,1,87.3,0,6,8
Lab_92,Research,2025-04-01,4.9,0.44,7,2,0,87.1,0,7,7
Lab_92,Research,2025-05-01,9.2,0.94,9,2,0,83.8,0,3,13
Lab_93,Research,2024-06-01,7.3,0.5,5,6,1,99.7,0,0,7
Lab_93,Research,2024-07-01,5.9,0.39,4,7,1,87.8,1,12,10
Lab_93,Research,2024-08-01,12.4,0.59,5,4,0,84.2,0,1,10
Lab_93,Research,2024-09-01,7.9,0.93,4,6,2,92.6,0,4,12
Lab_93,Research,2024-10-01,11.1,0.82,2,8,0,97.3,1,13,13
Lab_93,Research,2024-11-01,14.8,0.97,3,1,2,85.7,0,14,9
Lab_93,Research,2024-12-01,6.6,0.43,9,4,2,92.5,0,0,6
Lab_93,Research,2025-01-01,7.1,0.58,7,2,1,83.8,1,6,4
Lab_93,Research,2025-02-01,13.9,0.86,8,5,1,86.2,0,12,9
Lab_93,Research,2025-03-01,4.6,0.89,3,11,0,70.1,0,8,13
Lab_93,Research,2025-04-01,9.0,0.52,2,11,1,76.7,1,14,6
Lab_93,Research,2025-05-01,7.4,0.53,4,7,0,97.7,0,1,9
Lab_94,Industrial,2024-06-01,6.7,0.86,9,6,0,73.8,0,6,9
Lab_94,Industrial,2024-07-01,8.4,0.85,7,2,1,89.8,0,8,9
Lab_94,Industrial,2024-08-01,15.3,0.79,3,8,0,78.6,0,14,12
Lab_94,Industrial,2024-09-01,7.9,0.19,5,10,0,95.5,0,10,3
Lab_94,Industrial,2024-10-01,9.5,0.26,5,7,0,95.6,1,8,7
Lab_94,Industrial,2024-11-01,13.4,0.23,2,5,1,71.3,1,7,11
Lab_94,Industrial,2024-12-01,11.0,0.89,8,9,1,91.7,0,3,10
Lab_94,Industrial,2025-01-01,11.8,0.26,7,3,0,91.3,0,4,8
Lab_94,Industrial,2025-02-01,15.7,0.77,2,3,0,89.4,0,5,17
Lab_94,Industrial,2025-03-01,9.7,0.73,6,3,0,70.2,0,3,9
Lab_94,Industrial,2025-04-01,13.5,0.28,8,2,2,91.7,0,13,7
Lab_94,Industrial,2025-05-01,14.4,0.56,2,5,2,90.1,0,11,9
Lab_95,Industrial,2024-06-01,12.4,0.68,6,6,2,89.7,0,2,14
Lab_95,Industrial,2024-07-01,11.2,0.68,3,9,0,95.0,1,2,11
Lab_95,Industrial,2024-08-01,5.9,0.75,9,4,1,82.2,0,8,8
Lab_95,Industrial,2024-09-01,4.3,0.93,2,6,1,73.6,0,4,13
Lab_95,Industrial,2024-10-01,10.6,0.82,2,7,2,95.6,0,9,15
Lab_95,Industrial,2024-11-01,5.2,0.22,8,2,3,95.7,0,4,6
Lab_95,Industrial,2024-12-01,7.4,0.6,2,6,0,94.4,0,1,7
Lab_95,Industrial,2025-01-01,12.1,0.49,8,9,0,76.2,1,1,11
Lab_95,Industrial,2025-02-01,4.8,0.66,2,7,0,97.3,0,2,7
Lab_95,Industrial,2025-03-01,15.5,0.17,3,3,1,85.4,1,3,12
Lab_95,Industrial,2025-04-01,6.8,0.76,3,2,1,88.4,0,0,8
Lab_95,Industrial,2025-05-01,15.5,0.82,8,9,2,79.0,0,6,13
Lab_96,Research,2024-06-01,14.1,0.31,4,8,0,77.6,1,9,14
Lab_96,Research,2024-07-01,7.3,0.75,7,2,0,84.4,0,1,10
Lab_96,Research,2024-08-01,14.0,0.48,7,3,2,76.3,1,6,11
Lab_96,Research,2024-09-01,14.3,0.53,6,10,0,79.7,4,9,16
Lab_96,Research,2024-10-01,6.7,1.0,5,9,0,71.0,2,9,16
Lab_96,Research,2024-11-01,7.8,0.57,5,2,0,96.7,0,9,7
Lab_96,Research,2024-12-01,15.0,0.18,5,10,0,81.7,0,0,11
Lab_96,Research,2025-01-01,9.4,0.94,5,4,1,90.8,0,11,12
Lab_96,Research,2025-02-01,8.3,0.37,9,8,0,71.3,1,4,9
Lab_96,Research,2025-03-01,6.1,0.64,8,8,2,86.9,0,11,5
Lab_96,Research,2025-04-01,10.6,0.56,8,11,3,80.7,0,12,7
Lab_96,Research,2025-05-01,9.6,0.87,7,4,0,96.8,0,6,13
Lab_97,Industrial,2024-06-01,4.6,0.7,2,3,1,74.5,0,5,7
Lab_97,Industrial,2024-07-01,6.3,0.11,3,6,0,78.0,1,11,8
Lab_97,Industrial,2024-08-01,13.3,0.62,5,8,2,84.7,1,0,15
Lab_97,Industrial,2024-09-01,15.9,0.41,5,1,1,91.5,1,5,13
Lab_97,Industrial,2024-10-01,12.6,0.14,8,2,0,72.5,0,1,4
Lab_97,Industrial,2024-11-01,14.9,0.43,3,2,0,85.9,0,8,9
Lab_97,Industrial,2024-12-01,12.9,0.3,8,3,0,81.4,1,3,13
Lab_97,Industrial,2025-01-01,5.3,0.79,2,7,1,80.0,0,2,9
Lab_97,Industrial,2025-02-01,15.5,0.63,6,3,1,96.2,1,5,12
Lab_97,Industrial,2025-03-01,11.6,0.12,3,1,1,95.8,1,11,3
Lab_97,Industrial,2025-04-01,14.5,0.94,9,5,0,98.7,0,4,15
Lab_97,Industrial,2025-05-01,8.8,0.5,7,1,1,79.7,1,3,11
Lab_98,Research,2024-06-01,7.7,0.91,9,10,1,73.5,0,13,5
Lab_98,Research,2024-07-01,14.3,0.87,6,4,1,77.2,1,14,12
Lab_98,Research,2024-08-01,6.2,0.7,2,4,0,79.7,2,5,9
Lab_98,Research,2024-09-01,4.8,0.66,3,1,4,88.0,2,2,13
Lab_98,Research,2024-10-01,6.4,0.67,8,6,1,77.1,0,9,9
Lab_98,Research,2024-11-01,11.3,0.24,9,4,1,78.0,1,1,7
Lab_98,Research,2024-12-01,7.6,0.56,5,5,4,76.8,0,5,8
Lab_98,Research,2025-01-01,11.9,0.14,8,11,0,71.6,0,13,3
Lab_98,Research,2025-02-01,9.3,0.16,3,10,2,82.7,2,14,4
Lab_98,Research,2025-03-01,11.9,0.85,6,3,0,83.8,0,5,10
Lab_98,Research,2025-04-01,9.5,0.35,4,5,1,90.1,0,5,2
Lab_98,Research,2025-05-01,8.3,0.87,2,11,3,98.6,0,10,9
Lab_99,Research,2024-06-01,8.8,0.13,9,1,1,77.5,0,11,1
Lab_99,Research,2024-07-01,15.2,0.34,8,10,2,96.0,0,2,11
Lab_99,Research,2024-08-01,11.3,0.84,7,2,0,77.4,1,7,12
Lab_99,Research,2024-09-01,11.4,0.3,6,5,1,95.6,0,14,5
Lab_99,Research,2024-10-01,9.5,0.22,2,6,0,83.0,0,1,8
Lab_99,Research,2024-11-01,7.4,0.37,2,8,3,78.9,0,10,8
Lab_99,Research,2024-12-01,15.3,0.8,2,4,1,98.4,0,1,11
Lab_99,Research,2025-01-01,13.2,0.16,7,3,0,90.7,1,11,8
Lab_99,Research,2025-02-01,10.8,0.38,4,2,1,82.0,0,5,9
Lab_99,Research,2025-03-01,9.9,0.2,5,9,0,95.9,0,0,8
Lab_99,Research,2025-04-01,15.6,0.46,4,8,0,73.8,2,9,12
Lab_99,Research,2025-05-01,13.1,0.43,8,3,1,99.4,0,9,11
Lab_100,Industrial,2024-06-01,10.9,0.16,6,10,0,78.2,0,2,3
Lab_100,Industrial,2024-07-01,6.4,0.48,2,10,2,84.4,0,3,6
Lab_100,Industrial,2024-08-01,9.2,0.98,3,3,1,99.7,0,6,13
Lab_100,Industrial,2024-09-01,12.3,0.39,6,8,0,83.6,1,3,9
Lab_100,Industrial,2024-10-01,14.2,0.67,8,9,1,73.6,0,7,12
Lab_100,Industrial,2024-11-01,5.1,0.71,2,11,1,78.0,1,10,11
Lab_100,Industrial,2024-12-01,10.4,0.85,8,8,0,90.2,0,4,7
Lab_100,Industrial,2025-01-01,13.7,0.22,2,9,2,80.0,1,5,8
Lab_100,Industrial,2025-02-01,10.5,0.3,4,1,2,82.4,0,12,4
Lab_100,Industrial,2025-03-01,7.3,0.57,5,8,1,76.9,0,12,8
Lab_100,Industrial,2025-04-01,14.4,0.31,5,9,1,97.9,1,9,10
Lab_100,Industrial,2025-05-01,4.7,0.29,6,9,1,75.5,1,5,5
